10001	768	384	10001	0	0
10002	768	384	10002	0	0
10003	384	576	10003	0	0
10004	384	576	10004	0	0
10005	768	576	10005	0	0
10006	768	576	10006	0	0
10007	768	576	10007	0	0
10008	768	576	10008	0	0
10009	576	384	10009	0	0
10010	576	512	10010	0	0
10011	576	448	10011	0	0
10012	576	512	10012	0	0
10013	576	384	10013	0	0
10014	576	448	10014	0	0
10015	576	512	10015	0	0
10016	576	512	10016	0	0
10017	768	576	10017	0	0
10018	768	576	10018	0	0
10019	768	576	10019	0	0
10020	768	576	10020	0	0
10021	768	576	10021	0	0
10022	768	576	10022	0	0
10023	768	576	10023	0	0
10024	768	576	10024	0	0
10025	768	576	10025	0	0
10026	768	576	10026	0	0
10027	768	576	10027	0	0
10071	2496	1920	10071	0	0	10072	832	0	10073	1664	0	10074	1664	640	10075	832	640	10076	0	640	10077	0	1280	10078	832	1280	10079	1664	1280
10072	2496	1920	10071	0	0	10072	832	0	10073	1664	0	10074	1664	640	10075	832	640	10076	0	640	10077	0	1280	10078	832	1280	10079	1664	1280
10101	832	640	10101	0	0
10102	832	640	10102	0	0
10103	832	640	10103	0	0
10104	832	640	10104	0	0
10105	832	640
10106	832	640
10107	832	640
10108	832	640
10109	832	640
10110	832	640
10111	832	640
10112	832	640
10113	1280	960
10114	1600	1216	10114	0	0
10115	1600	1216	10115	0	0
10116	1600	1216	10114	0	0
10117	1600	1216	10114	0	0
10118	1600	1216	10114	0	0
10119	1600	1216	10114	0	0
10120	1600	1216	10114	0	0
10121	1600	1216	10114	0	0
10122	1600	1216	10114	0	0
10123	1600	1216	10114	0	0
10124	1600	1216	10114	0	0
10125	1600	1216	10114	0	0
10126	1600	1216	10114	0	0
10127	1600	1216	10114	0	0
10128	1600	1216	10114	0	0
10129	1600	1216	10114	0	0
10130	1600	1216	10114	0	0
10131	1600	1216	10114	0	0
10132	1600	1216	10114	0	0
10133	1600	1216	10114	0	0
10134	1600	1216	10114	0	0
10135	1600	1216	10114	0	0
10201	832	640	10201	0	0
10202	832	640	10202	0	0
10203	832	640	10203	0	0
10204	1152	640	10204	0	0
10205	1600	640	10205	0	0
10206	1600	640	10206	0	0
10207	832	640	10207	0	0
10208	832	640	10208	0	0
10209	3840	640	10209	0	0
10210	3840	640	10210	0	0
10211	3840	640	10211	0	0
10212	1280	960	10212	0	0
10213	1600	1152	10213	0	0
10214	1280	960	10214	0	0
10215	1024	640	10215	0	0
10216	1024	640	10216	0	0
10217	1024	640	10217	0	0
10218	1024	640	10218	0	0
10219	896	640	10219	0	0
10220	896	640	10220	0	0
10221	896	640	10221	0	0
10222	832	640	10222	0	0
10223	1600	832	10223	0	0
10224	1600	832	10224	0	0
10225	1024	640	10225	0	0
10226	896	640	10226	0	0
10227	896	640	10227	0	0
10228	896	640	10228	0	0
10229	1280	960	10229	0	0
10230	1280	960	10230	0	0
10231	1280	832	10231	0	0
10232	1024	1280	10232	0	0
10233	2304	832	10233	0	0
10234	2304	832	10234	0	0
10235	1600	832	10235	0	0
10236	1408	640	10236	0	0
10237	1408	640	10237	0	0
10238	1280	960	10238	0	0
10239	896	640	10239	0	0
10240	896	640	10240	0	0
10367	832	640	10367	0	0
10368	832	640	10368	0	0
10369	832	640	10369	0	0
10370	832	640	10370	0	0
10396	832	640	10396	0	0
10397	832	640	10397	0	0
10398	832	640	10398	0	0
10399	832	640	10399	0	0
10401	832	640	10401	0	0
10402	832	640	10402	0	0
10403	832	640	10403	0	0
10404	832	640	10404	0	0
10405	832	640	10405	0	0
10406	832	640	10406	0	0
10407	1600	640	10407	0	0
10408	1600	640	10408	0	0
10409	832	640	10409	0	0
10410	832	640	10410	0	0
10411	1600	640	10411	0	0
10412	1600	640	10412	0	0
10413	1600	1088	10413	0	0
10414	1600	1088	10414	0	0
10415	832	960	10415	0	0
10416	832	960	10416	0	0
10417	1600	1216	10417	0	0
10418	1600	1216	10418	0	0
10419	1280	896	10419	0	0
10420	1280	896	10420	0	0
10421	1664	1164	10421	0	0
10422	1600	1088	10422	0	0
10423	1088	640	10423	0	0
10424	1088	640	10424	0	0
10425	1280	640	10425	0	0
10426	1280	640	10426	0	0
10427	1600	640	10427	0	0
10428	1280	640	10428	0	0
10429	1024	768	10429	0	0
10430	1024	768	10430	0	0
10431	1600	832	10431	0	0
10432	1600	832	10432	0	0
10433	1600	832	10433	0	0
10434	1600	832	10434	0	0
10435	1600	832	10435	0	0
10436	1600	832	10436	0	0
10437	1088	640	10437	0	0
10438	1088	640	10438	0	0
10439	1088	640	10439	0	0
10440	1088	640	10440	0	0
10441	960	768	10441	0	0
10442	960	768	10442	0	0
10443	1664	640	10443	0	0
10444	1664	640	10444	0	0
10445	1664	640	10445	0	0
10446	1664	640	10446	0	0
10447	1280	960	10447	0	0
10448	1280	960	10448	0	0
10449	1280	960	10449	0	0
10450	1280	960	10450	0	0
10451	1280	960	10451	0	0
10452	1280	960	10452	0	0
10453	1280	960	10453	0	0
10454	960	640	10454	0	0
10455	960	640	10455	0	0
10456	896	640	10456	0	0
10457	896	640	10457	0	0
10458	960	640	10458	0	0
10459	960	640	10459	0	0
10501	960	832	10501	0	0
10502	960	832	10502	0	0
10503	960	832	10503	0	0
10504	960	832	10504	0	0
10505	896	896	10505	0	0
10506	896	896	10506	0	0
10507	896	896	10507	0	0
10508	896	896	10508	0	0
10509	960	640	10509	0	0
10510	960	640	10510	0	0
10630	832	640	10630	0	0
10701	1600	640	50083	0	0
10727	832	640	10727	0	0
10728	832	640	10728	0	0
10791	832	640	10791	0	0
10792	832	640	10792	0	0
10793	832	640	10793	0	0
10794	832	640	10794	0	0
10795	832	640	10795	0	0
10796	832	640	10796	0	0
10797	832	640	10797	0	0
10798	832	640	10798	0	0
10801	1600	1152	10801	0	0
10802	1600	1152	10801	0	0
10803	1600	1152	10801	0	0
10804	1600	1152	10801	0	0
10805	1600	1152	10801	0	0
10806	1600	1152	10801	0	0
10807	1600	1152	10801	0	0
10808	1600	1152	10801	0	0
10809	1600	1152	10801	0	0
10810	1600	1152	10801	0	0
10811	1600	1152	10801	0	0
10812	1600	1152	10801	0	0
10813	1600	1152	10801	0	0
10814	1600	1152	10801	0	0
10815	1600	1152	10801	0	0
10816	1600	1152	10801	0	0
10817	1600	1152	10801	0	0
10818	1600	1152	10801	0	0
10819	1600	1152	10801	0	0
10820	1600	1152	10801	0	0
10851	1920	1344	10851	0	0
10852	1920	1344	10851	0	0
10853	1920	1344	10851	0	0
10854	1920	1344	10851	0	0
10855	1920	1344	10851	0	0
10856	1920	1344	10851	0	0
10857	1920	1344	10851	0	0
10858	1920	1344	10851	0	0
10859	1920	1344	10851	0	0
10860	1920	1344	10851	0	0
10861	1920	1344	10851	0	0
10862	1920	1344	10851	0	0
10863	1920	1344	10851	0	0
10864	1920	1344	10851	0	0
10865	1920	1344	10851	0	0
10866	1920	1344	10851	0	0
10867	1920	1344	10851	0	0
10868	1920	1344	10851	0	0
10869	1920	1344	10851	0	0
10870	1920	1344	10851	0	0
10901	1344	640	10901	0	0
10902	1344	640	10901	0	0
10903	1344	640	10901	0	0
10904	1344	640	10901	0	0
10905	1344	640	10901	0	0
10906	1344	640	10901	0	0
10907	1344	640	10901	0	0
10908	1344	640	10901	0	0
10909	1344	640	10901	0	0
10910	1344	640	10901	0	0
10911	1344	640	10901	0	0
10912	1344	640	10901	0	0
10913	1344	640	10901	0	0
10914	1344	640	10901	0	0
10915	1344	640	10901	0	0
10916	1344	640	10901	0	0
10917	1344	640	10901	0	0
10918	1344	640	10901	0	0
10919	1344	640	10901	0	0
10920	1344	640	10901	0	0
10951	1664	1280	10602	0	0	10604	832	0	10608	0	640	10606	832	640
10952	1664	1920	10622	0	0	10624	832	0	10629	0	640	10625	832	640	10628	0	1280	10626	832	1280
10953	1664	1280	10602	0	0	10604	832	0	10608	0	640	10606	832	640
10954	2496	2560	10954	0	0
10956	2496	2560	10956	0	0
10957	2496	2560	10957	0	0
10958	2240	1600	10958	0	0
10959	2240	1408	10959	0	0
10960	1344	960	10960	0	0
10961	2496	1920	10641	0	0	10642	832	0	10643	1664	0	10648	0	640	10621	832	640	10644	1664	640	10647	0	1280	10646	832	1280	10645	1664	1280
10962	2496	1920	10681	0	0	10682	832	0	10683	1664	0	10684	0	640	10685	832	640	10686	1664	640	10687	0	1280	10688	832	1280	10689	1664	1280
10963	2496	2560	10611	0	0	10612	0	640	10612	0	1280	10613	0	1920	10618	832	0	10617	1664	0	10619	832	640	10619	832	1280	10614	832	1920	10616	1664	640	10616	1664	1280	10615	1664	1920
10964	3328	2560	10611	0	0	10618	832	0	10618	1664	0	10617	2496	0	10612	0	640	10619	832	640	10619	1664	640	10616	2496	640	10612	0	1280	10619	832	1280	10619	1664	1280	10616	2496	1280	10613	0	1920	10614	832	1920	10614	1664	1920	10615	2496	1920
10965	3328	3200	10611	0	0	10618	832	0	10618	1664	0	10617	2496	0	10612	0	640	10612	0	1280	10612	0	1920	10613	0	2560	10619	832	640	10619	832	1280	10619	832	1920	10614	832	2560	10619	1664	640	10619	1664	1280	10619	1664	1920	10614	1664	2560	10616	2496	640	10616	2496	1280	10616	2496	1920	10615	2496	2560
10966	3328	3200	10611	0	0	10618	832	0	10618	1664	0	10617	2496	0	10612	0	640	10612	0	1280	10612	0	1920	10613	0	2560	10619	832	640	10619	832	1280	10619	832	1920	10614	832	2560	10619	1664	640	10619	1664	1280	10619	1664	1920	10614	1664	2560	10616	2496	640	10616	2496	1280	10616	2496	1920	10615	2496	2560
10967	2496	1920	10681	0	0	10682	832	0	10683	1664	0	10684	0	640	10685	832	640	10686	1664	640	10687	0	1280	10688	832	1280	10689	1664	1280
10971	3328	1280	10716	0	0	10722	0	640	10710	832	0	10713	832	640	10721	1664	0	10707	1664	640	10726	2496	0	10725	2496	640
10972	1664	2560	10724	0	0	10715	832	0	10718	0	640	10704	832	640	10711	0	1280	10704	832	1280	10722	0	1920	10720	832	1920
10973	3336	1920	10000	0	0	10746	840	0	10742	1672	0	10755	2504	0	10734	844	640	10748	12	640	10743	848	1280	10755	1680	1280
10974	3335	2559	10754	0	0	10740	832	0	10738	836	640	10745	1668	639	10733	1671	1279	10748	839	1279	10749	2503	1279	10752	1675	1919
10975	3328	1300	10000	0	0	10327	0	660	10317	832	660	10319	832	20	10306	1664	20	10312	1664	660	10310	2496	20	10323	2496	660
10976	2496	2561	10315	0	0	10306	832	0	10329	1664	0	10315	0	640	10304	832	640	10301	832	1280	10317	832	1920	10324	0	1921
10977	4162	2560	10350	0	0	10345	1666	640	10359	1668	1280	10312	1668	1920	10360	2498	641	10325	3330	641	10342	832	0	10363	0	1	10350	1664	1
10978	4992	1921	10000	0	0	10315	0	640	10307	832	640	10313	832	0	10361	1664	640	10346	2496	641	10357	3328	641	10362	4160	644	10349	2497	1281	10361	1665	1281	10324	833	1281
10979	2496	2560	10385	0	0	10376	832	0	10394	1664	0	10371	832	640	10386	832	1280	10380	1664	1280	10395	1664	1920
10980	3336	1921	10000	0	0	10383	840	0	10375	840	640	10387	840	1280	10392	8	1281	10374	1672	640	10382	1672	1280	10381	1672	0	10394	2504	0
10981	1344	960	10960	0	0
10982	4171	3203	10000	0	0	10748	0	643	10736	832	643	10736	1664	644	10737	2496	644	10751	2492	4	10740	3328	643	10750	3331	1283	10733	1668	1284	10733	836	1283	10749	2500	1283	10741	4	1283	10750	8	1923	10738	839	1923	10733	1671	1923	10749	2506	2563	10731	2503	1923	10738	1674	2563	10740	3335	1922	10752	3339	2562
10983	4172	3200	10753	0	0	10735	0	640	10735	0	1280	10749	832	1280	10731	832	640	10734	1664	640	10732	1669	1280	10750	1673	1920	10741	1660	0	10736	2492	0	10749	3324	0	10735	2496	640	10750	2500	1280	10740	3328	640	10732	3332	1280	10734	3336	1920	10750	3340	2560	10741	2504	1920	10752	2508	2560	10750	3	1920
10984	4172	3200	10751	0	0	10738	0	640	10731	832	640	10753	1661	0	10737	1664	640	10736	2496	640	10739	3328	640	10740	3324	0	10748	2492	0	10734	2500	1280	10748	1668	1280	10737	2504	1920	10740	3336	1920	10750	3340	2560	10736	1672	1919	10739	1676	2559	10748	844	2559	10738	840	1919	10740	836	1279	10754	4	1279
10985	4175	3200	10748	0	0	10740	832	0	10733	836	640	10741	4	640	10735	8	1280	10732	12	1920	10738	16	2560	10749	848	2560	10734	840	1280	10738	844	1920	10740	1676	1920	10750	1680	2560	10731	1668	640	10734	2500	639	10751	2496	0	10735	2504	1279	10755	3336	1279	10738	2508	1919	10740	3340	1919	10750	3343	2559
10986	1600	1600	51042	0	0
10987	3328	2560	10308	0	0	10303	832	640	10311	832	0	10306	1664	640	10305	832	1280	10307	1664	1280	10314	2496	1280	10314	2496	640	10313	0	0	10312	832	1920	10302	1664	0	10308	0	640
10988	4160	3221	10000	0	0	10306	832	661	10307	1664	661	10313	1664	21	10318	2496	661	10304	832	1301	10315	0	1301	10306	1664	1941	10312	1664	2581	10317	2496	1940	10303	2496	1301	10315	1664	1301	10302	0	661	10305	832	1941	10312	832	2581	10302	3328	1301
10989	3329	2582	10000	0	0	10315	1	662	10313	834	22	10303	833	1302	10313	1665	22	10302	1	1302	10304	833	662	10312	832	1942	10303	1665	1302	10312	1665	1942	10314	2497	1302	10305	1665	662	10314	2497	662
10991	1344	960	50023	0	0
10992	2496	1920	10611	0	0	10618	832	0	10617	1664	0	10612	0	640	10613	0	1280	10619	832	640	10616	1664	640	10614	832	1280	10615	1664	1280
10993	3328	3200	10620	0	0	10620	832	0	10620	1664	0	10620	2496	0	10620	0	640	10620	832	640	10620	1664	640	10620	2496	640	10620	0	1280	10620	832	1280	10620	1664	1280	10620	2496	1280	10620	0	1920	10620	832	1920	10620	1664	1920	10620	2496	1920	10620	0	2560	10620	832	2560	10620	1664	2560	10620	2496	2560
10994	1344	960	50023	0	0
10995	832	640	10630	0	0
10996	832	640	10630	0	0
10997	2432	1728	51084	0	0
11000	3136	1920	11000	0	0
11001	960	832	10504	0	0
11002	896	640	50054	0	0
11003	1664	1280	10602	0	0	10604	832	0	10608	0	640	10606	832	640
11011	960	832	10503	0	0
11012	896	640	50058	0	0
11013	1664	1280	10602	0	0	10604	832	0	10608	0	640	10606	832	640
11021	1280	640	50041	0	0
11031	1600	1600	10955	0	0
11032	1280	640	50112	0	0
11033	1280	640	50113	0	0
11034	1280	640	50114	0	0
11035	2496	2560	10954	0	0
11036	2496	2560	10954	0	0
11041	1600	1600	10955	0	0
11042	1280	640	50112	0	0
11043	1280	640	50113	0	0
11044	1280	640	50114	0	0
11045	2496	2560	10957	0	0
11046	2496	2560	10957	0	0
11047	1280	960	51020	0	0
11048	1280	960	50105	0	0
11049	832	640	50128	0	0
11050	896	640	50258	0	0
11101	832	640	50001	0	0
11131	832	640	50004	0	0
11132	832	640	50004	0	0
11133	832	640	50070	0	0
11171	832	640	50006	0	0
11172	832	640	50006	0	0
11173	832	640	50070	0	0
11174	832	640	50069	0	0
11201	832	640	50009	0	0
11202	832	640	50009	0	0
11203	832	640	50009	0	0
11221	832	640	50017	0	0
11222	832	640	50016	0	0
11223	832	640	50016	0	0
11241	832	640	50008	0	0
11242	832	640	50007	0	0
11243	832	640	50008	0	0
11244	832	640	50008	0	0
11261	832	640	50059	0	0
11262	832	640	50059	0	0
11263	832	640	50059	0	0
11264	832	640	50116	0	0
11265	832	640	50116	0	0
11301	832	640	50013	0	0
11302	832	640	50013	0	0
11303	1280	640	50115	0	0
11304	1280	640	50115	0	0
11305	1280	640	50115	0	0
11306	1280	640	50115	0	0
11307	832	640	50013	0	0
11401	1600	1152	50040	0	0
11411	1600	640	51010	0	0
11421	832	640	10403	0	0
11422	1600	640	10407	0	0
11423	960	960	51012	0	0
11424	640	480	50081	0	0
11431	1600	1216	10114	0	0
11432	832	960	10416	0	0
11501	4160	2582	10000	0	0	10324	0	662	10304	832	662	10305	832	1302	10319	830	22	10321	1662	22	10307	1664	1302	10313	1662	662	10316	831	1942	10314	1663	1942	10303	2496	1301	10306	2494	21	10305	2494	661	10314	3326	22	10329	3326	662	10329	3328	1302	10326	2497	1941
11502	4159	2580	10000	0	0	10302	0	661	10306	832	660	10304	834	1300	10312	833	1940	10303	1663	659	10305	1663	1299	10319	1662	21	10314	2494	21	10321	2495	658	10306	2495	1300	10314	3327	1300	10316	2489	1940	10329	3327	659	10329	3321	1940	10326	1663	1939	10327	2	1301
11503	3329	2580	10000	0	0	10315	0	662	10307	832	661	10313	830	21	10306	1664	660	10320	1656	1300	10301	1656	1940	10326	2497	1299	10328	2495	21	10304	2496	660
11504	1665	1921	10301	0	0	10305	0	640	10316	1	1280	10329	833	1281	10329	832	641
11505	3328	3201	10315	0	0	10306	832	1	10301	827	641	10320	829	1281	10303	831	1921	10301	831	2561	10304	1663	1920	10312	1665	2560	10305	1660	1280	10306	1664	1	10301	1666	640	10329	2496	2	10329	2492	1282	10327	0	1920
11506	833	1280	10301	0	0	10326	1	640
11507	1664	641	10327	0	0	10302	832	1
11508	2496	1920	10306	0	0	10304	832	640	10315	0	640	10301	832	1280	10329	1664	1	10327	0	0	10306	832	1
11509	1666	1920	10316	0	0	10304	834	639	10313	832	0	10317	833	1279	10302	1	1280	10328	0	1	10316	2	641
11512	1664	641	10327	0	0	10302	832	1
11513	833	1280	10301	0	0	10326	1	640
11514	1664	641	10327	0	0	10325	832	1
11515	576	448	10014	0	0
11516	768	576	10005	0	0
11517	768	576	10026	0	0
11518	576	448	10011	0	0
11519	384	576	10003	0	0
11520	576	512	10010	0	0
11521	768	576	10017	0	0
11522	768	576	10007	0	0
11523	768	576	10020	0	0
11524	576	384	10009	0	0
11525	768	576	10021	0	0
11526	576	448	10011	0	0
11527	768	384	10002	0	0
11528	576	512	10010	0	0
11529	768	576	10023	0	0
11531	2496	1280	10306	0	0	10329	1664	2	10327	0	1	10323	832	640	10306	832	1
11532	2496	1940	10000	0	0	10303	832	660	10328	831	21	10329	1664	662	10327	0	660	10326	833	1300
11533	2496	1941	10000	0	0	10305	832	661	10328	832	21	10329	1664	663	10326	832	1301
11534	1664	642	10324	0	0	10329	832	2
11535	2496	1280	10306	0	0	10329	1664	2	10326	833	640	10327	0	1	10306	832	1
11536	2496	1940	10000	0	0	10303	832	660	10328	831	21	10329	1664	662	10327	0	660	10326	833	1300
11537	576	384	10009	0	0
11538	576	512	10010	0	0
11539	768	576	10023	0	0
11540	768	576	10017	0	0
11541	768	576	10025	0	0
11542	768	576	10019	0	0
11543	768	576	10021	0	0
11544	384	576	10003	0	0
11551	2498	1943	10000	0	0	10304	832	660	10308	834	1300	10328	830	21	10327	0	660	10329	1666	1303
11552	2496	1920	10318	0	0	10305	832	640	10317	1664	639	10326	833	1280	10328	1663	0	10327	0	2	10318	832	1
11553	2496	1280	10306	0	0	10329	1664	2	10326	833	640	10327	0	1	10306	832	1
11554	2497	1941	10000	0	0	10319	0	661	10307	832	660	10310	1664	658	10328	832	21	10326	1665	1298	10326	1	1301
11555	2498	1281	10318	0	0	10307	834	640	10327	0	0	10329	1666	641	10327	2	639	10318	832	1
11556	1665	1940	10000	0	0	10304	833	660	10309	833	1300	10328	832	20	10327	1	1300	10327	1	660
11557	1664	641	10327	0	0	10329	832	1
11558	832	1280	10322	0	0	10326	0	640
11559	768	576	10024	0	0
11560	768	576	10008	0	0
11561	4991	1941	10000	0	0	10327	0	661	10317	832	661	10311	832	21	10318	1664	21	10320	1664	661	10308	1663	1301	10309	2495	1301	10301	2495	661	10319	2495	21	10310	3327	21	10316	3327	661	10329	4159	661
11562	768	576	10022	0	0
11563	576	448	10014	0	0
11564	768	576	10007	0	0
11565	768	576	10023	0	0
11566	576	448	10011	0	0
11567	768	384	10002	0	0
11568	768	576	10026	0	0
11569	768	576	10006	0	0
11570	768	576	10018	0	0
11571	832	640	10330	0	0
11572	768	576	10006	0	0
11581	2505	3201	10000	0	0	10328	841	1	10303	841	641	10315	9	641	10314	1673	641	10305	841	1281	10325	1673	1281	10303	841	1921	10314	1673	1921	10315	9	1921	10326	840	2561
11582	3328	1942	10000	0	0	10303	832	662	10313	832	22	10312	832	1302	10303	1664	662	10312	1664	1302	10313	1664	22	10329	2496	662	10302	0	662
11583	3328	1942	10000	0	0	10303	832	662	10313	832	22	10312	832	1302	10303	1664	662	10312	1664	1302	10313	1664	22	10329	2496	662	10302	0	662
11584	3328	1942	10000	0	0	10315	0	662	10303	832	662	10313	832	22	10312	832	1302	10303	1664	662	10312	1664	1302	10313	1664	22	10302	2496	662
11585	3328	1942	10000	0	0	10315	0	662	10303	832	662	10313	832	22	10312	832	1302	10303	1664	662	10312	1664	1302	10313	1664	22	10302	2496	662
11586	768	576	10020	0	0
11587	768	576	10017	0	0
11801	1664	2560	10602	0	0	10604	832	0	10609	0	640	10609	0	1280	10608	0	1920	10605	832	640	10605	832	1280	10606	832	1920
11802	1664	1280	10602	0	0	10604	832	0	10608	0	640	10606	832	640
11811	2496	1920	10622	0	0	10623	832	0	10624	1664	0	10629	0	640	10628	0	1280	10621	832	640	10625	1664	640	10627	832	1280	10626	1664	1280
11821	2496	1280	10602	0	0	10603	832	0	10604	1664	0	10608	0	640	10607	832	640	10606	1664	640
11822	2496	1280	10602	0	0	10603	832	0	10604	1664	0	10608	0	640	10607	832	640	10606	1664	640
11823	2496	1280	10602	0	0	10608	0	640	10603	832	0	10604	1664	0	10607	832	640	10606	1664	640
11831	3328	1920	10602	0	0	10603	832	0	10603	1664	0	10604	2496	0	10609	0	640	10608	0	1280	10601	832	640	10601	1664	640	10605	2496	640	10607	832	1280	10607	1664	1280	10606	2496	1280
11832	3328	1280	10602	0	0	10603	832	0	10603	1664	0	10604	2496	0	10608	0	640	10607	832	640	10607	1664	640	10606	2496	640
11841	3328	1281	10622	0	0	10628	0	640	10623	832	0	10623	1664	1	10624	2496	0	10627	832	640	10627	1664	641	10626	2496	640
12000	2688	3264	12000	0	0
12001	2432	1728	50019	0	0
12002	1280	640	50034	0	0
12003	1344	960	50093	0	0
12004	832	640	50022	0	0
12005	960	640	50020	0	0
12007	832	640	50007	0	0
12009	800	600	50084	0	0
12011	1280	960	50030	0	0
12012	1344	960	50024	0	0
12013	1664	1280	10602	0	0	10604	832	0	10608	0	640	10606	832	640
12014	960	832	10502	0	0
12015	832	640	50006	0	0
12018	1280	640	50046	0	0
12021	960	832	10503	0	0
12022	896	640	50052	0	0
12023	1344	960	50076	0	0
12031	1280	960	50018	0	0
12041	1920	832	50038	0	0
12042	2496	1280	10602	0	0	10603	832	0	10604	1664	0	10608	0	640	10607	832	640	10606	1664	640
12051	1408	1088	50125	0	0
12061	1600	1216	50025	0	0
12062	1280	640	50026	0	0
12063	1280	640	50027	0	0
12064	1984	1536	50102	0	0
12065	832	640	50033	0	0
12071	1600	1600	10955	0	0
12072	1280	640	50112	0	0
12073	1280	640	50113	0	0
12074	1280	640	50114	0	0
12075	2496	2560	10954	0	0
12076	2496	2560	10954	0	0
12081	1600	1600	10955	0	0
12082	1280	640	50112	0	0
12083	1280	640	50113	0	0
12084	1280	640	50114	0	0
12085	2496	2560	10957	0	0
12086	2496	2560	10957	0	0
12091	960	1280	50117	0	0
12092	1600	640	50122	0	0
12093	1280	960	50118	0	0
12094	832	1664	50167	0	0
12095	1280	960	50120	0	0
12096	1280	640	50159	0	0
12097	832	1664	50167	0	0
12101	832	640	50001	0	0
12102	832	640	50001	0	0
12103	800	600	50085	0	0
12104	832	640	50039	0	0
12105	832	640	50158	0	0
12106	832	640	50136	0	0
12107	832	640	50164	0	0
12108	832	640	50160	0	0
12131	832	640	50003	0	0
12132	832	640	50003	0	0
12133	832	640	50003	0	0
12134	832	640	50004	0	0
12135	832	640	50004	0	0
12136	832	640	50004	0	0
12137	800	600	50087	0	0
12138	800	600	50086	0	0
12139	832	640	50164	0	0
12140	832	640	50137	0	0
12161	1600	1216	50025	0	0
12171	832	640	50006	0	0
12172	832	640	50005	0	0
12173	832	640	50006	0	0
12174	832	640	50005	0	0
12175	832	640	50005	0	0
12176	832	640	50006	0	0
12177	832	640	50021	0	0
12178	832	640	50006	0	0
12179	832	640	50005	0	0
12180	1280	960	50166	0	0
12201	832	640	50009	0	0
12202	832	640	50009	0	0
12203	832	640	50009	0	0
12204	832	640	50009	0	0
12205	832	640	50009	0	0
12206	832	640	50009	0	0
12221	832	640	50016	0	0
12222	832	640	50016	0	0
12223	832	640	50017	0	0
12224	832	640	50017	0	0
12225	832	640	50017	0	0
12241	832	640	50007	0	0
12242	832	640	50008	0	0
12243	832	640	50007	0	0
12244	832	640	50008	0	0
12245	832	640	50007	0	0
12246	832	640	50007	0	0
12261	832	640	50059	0	0
12262	832	640	50059	0	0
12263	832	640	50060	0	0
12264	832	640	50059	0	0
12265	832	640	50059	0	0
12266	832	640	50116	0	0
12267	832	640	50116	0	0
12281	1280	640	50045	0	0
12282	1280	640	50045	0	0
12301	960	704	50015	0	0
12302	832	640	50013	0	0
12303	832	640	50013	0	0
12304	832	640	50013	0	0
12305	1600	640	50083	0	0
12306	1280	640	50115	0	0
12307	1280	640	50115	0	0
12308	1280	640	50115	0	0
12309	1280	640	50115	0	0
12310	832	640	50013	0	0
12401	1600	640	10411	0	0
12402	1600	640	10407	0	0
12403	832	640	10410	0	0
12404	832	640	50047	0	0
12405	1600	1216	10417	0	0
12406	1600	640	51109	0	0
12407	1600	640	51109	0	0
12408	896	1280	50270	0	0
12409	896	1280	50271	0	0
12411	832	640	10403	0	0
12412	832	640	10402	0	0
12413	832	640	10406	0	0
12418	1600	640	51109	0	0
12419	1600	640	51109	0	0
12421	1280	896	50029	0	0	50068	0	0
12431	1280	896	50028	0	0
12432	1600	640	50044	0	0
12441	832	640	51005	0	0
12501	1664	1280	10327	0	0	10310	832	0	10323	832	640
12502	4158	2562	10302	0	0	10310	832	1	10304	840	641	10316	844	1281	10306	1676	1282	10317	2508	1282	10305	2492	642	10319	2494	2	10302	3326	0	10327	9	640	10326	1676	1922	10329	3324	642
12503	1665	1280	10311	0	0	10308	1	640	10321	833	640	10329	832	0
12504	3328	1280	10327	0	0	10306	832	0	10302	1664	0	10314	2496	0	10317	832	640	10302	0	640
12505	768	576	10018	0	0
12506	768	384	10002	0	0
12507	576	384	10009	0	0
12508	768	576	10026	0	0
12511	4986	3257	10000	0	0	10000	0	662	10000	1	1322	10307	832	1978	10313	831	1338	10306	1660	1977	10304	2492	1975	10311	2490	1335	10306	3320	1333	10312	3320	1973	10304	4152	1332	10327	0	1978	10326	4154	1972	10326	1661	2617	10323	2492	2615	10328	4151	692
12512	1676	2560	10313	0	0	10320	10	640	10305	12	1280	10312	12	1920	10317	844	1279	10328	842	641
12513	2499	1281	10315	0	0	10306	832	1	10314	1661	1	10316	835	641	10329	1667	641
12514	2507	1920	10000	0	0	10303	843	640	10315	11	641	10314	1675	640	10312	846	1280	10328	841	1
12515	1667	1920	10313	0	0	10305	3	640	10314	835	640	10326	4	1280
12516	768	576	10026	0	0
12517	768	576	10027	0	0
12518	768	576	10027	0	0
12519	768	576	10027	0	0
12521	3337	2563	10000	0	0	10327	841	1	10306	1673	3	10329	2505	5	10305	1673	643	10329	2505	645	10304	1674	1283	10321	842	1283	10324	10	1283	10326	1674	1923
12522	832	1280	10328	0	0	10326	0	640
12523	2496	3844	10319	0	0	10326	0	640	10318	832	2	10305	832	642	10320	832	1282	10305	831	1922	10305	831	2562	10307	831	3202	10308	0	3202	10328	1	2562	10329	1663	3204	10329	1663	2564	10329	1663	1924	10329	1664	644
12524	1664	1280	10311	0	0	10326	0	640	10329	832	2
12525	1673	1281	10000	0	0	10328	841	1	10309	840	641	10327	8	641
12526	2496	1924	10327	0	0	10306	832	2	10329	1664	4	10305	831	642	10316	831	1282	10329	1663	644	10329	1662	1284
12527	1664	641	10327	0	0	10329	832	1
12528	1664	641	10327	0	0	10302	832	1
12529	768	576	10027	0	0
12530	768	576	10017	0	0
12531	768	576	10020	0	0
12532	768	576	10017	0	0
12533	768	576	10026	0	0
12534	576	384	10009	0	0
12535	768	576	10020	0	0
12536	768	576	10006	0	0
12537	576	512	10010	0	0
12538	768	576	10026	0	0
12539	768	576	10005	0	0
12540	768	576	10026	0	0
12541	768	384	10001	0	0
12542	576	448	10011	0	0
12543	384	576	10003	0	0
12544	2496	2563	10302	0	0	10318	832	2	10307	831	642	10304	1663	645	10328	1664	5	10312	1663	1285	10319	0	641	10305	0	1281	10318	832	1283	10326	831	1923	10326	0	1921
12545	832	1280	10328	0	0	10326	0	640
12546	3338	1923	10000	0	0	10328	842	2	10307	842	642	10327	10	642	10306	1674	643	10326	1673	1283	10314	2506	644
12547	2496	1921	10328	0	0	10308	0	640	10303	832	641	10326	831	1281	10329	1664	643	10313	832	1
12548	1664	641	10327	0	0	10329	832	1
12549	2496	1921	10328	0	0	10308	0	640	10306	832	641	10326	832	1281	10309	1664	642	10328	1664	2
12550	833	1280	10301	0	0	10326	1	640
12551	832	1280	10328	0	0	10326	0	640
12552	576	512	10016	0	0
12553	768	576	10027	0	0
12554	768	576	10022	0	0
12555	576	384	10013	0	0
12556	576	512	10015	0	0
12557	576	448	10014	0	0
12558	768	576	10021	0	0
12559	768	576	10017	0	0
12560	768	576	10027	0	0
12561	768	576	10027	0	0
12562	768	576	10008	0	0
12563	2496	1942	10000	0	0	10303	832	660	10312	834	1300	10313	829	21	10327	0	660	10310	1664	662	10301	1664	1302
12564	2496	1940	10000	0	0	10303	832	660	10312	834	1300	10313	829	21	10329	1664	661	10316	0	660	10328	0	20
12565	2506	1920	10000	0	0	10328	842	0	10303	842	640	10314	1674	641	10315	10	640	10326	842	1280
12566	1664	641	10327	0	0	10329	832	1
12567	832	1280	10322	0	0	10326	0	640
12568	768	576	10026	0	0
12569	768	576	10027	0	0
12570	768	576	10020	0	0
12571	768	576	10018	0	0
12581	3328	1942	10000	0	0	10302	0	662	10303	832	662	10313	833	22	10312	831	1302	10302	1664	662	10325	2496	662
12582	2496	1921	10327	0	0	10318	832	1	10305	832	641	10317	831	1281	10327	0	1281	10302	1664	641
12583	768	576	10021	0	0
12584	768	576	10023	0	0
12585	3328	1941	10000	0	0	10302	0	661	10303	832	661	10313	832	21	10312	831	1301	10304	1664	661	10316	1664	1301	10319	1664	21	10329	2496	21	10329	2496	1301
12586	1664	640	10315	0	0	10302	832	0
12587	832	1280	10313	0	0	10326	0	640
12588	832	1920	10328	0	0	10320	0	640	10301	0	1280
12589	1664	1920	10301	0	0	10305	0	640	10308	0	1280	10314	832	640	10314	832	1280
12590	1664	640	10315	0	0	10302	832	0
12591	2496	1940	10000	0	0	10303	832	660	10312	834	1300	10313	829	21	10329	1664	661	10324	0	660
12592	768	576	10026	0	0
12593	1664	1941	10000	0	0	10304	832	661	10312	832	1301	10313	832	21	10327	0	661
12701	1280	896	50198	0	0
12702	832	640	50013	0	0
12703	960	768	50193	0	0
12704	832	640	50072	0	0
12705	832	640	50071	0	0
12706	832	640	50071	0	0
12711	1344	960	50076	0	0
12721	1664	1280	10641	0	0	10643	832	0	10647	0	640	10645	832	640
12722	1664	1280	10641	0	0	10643	832	0	10647	0	640	10645	832	640
12723	832	640	50047	0	0
12724	800	600	50088	0	0
12801	2496	1920	10602	0	0	10603	832	0	10604	1664	0	10609	0	640	10601	832	640	10605	1664	640	10608	0	1280	10607	832	1280	10606	1664	1280
12802	1664	1280	10602	0	0	10604	832	0	10608	0	640	10606	832	640
12803	1664	1280	10602	0	0	10604	832	0	10608	0	640	10606	832	640
12804	2496	641	10324	0	0	10321	832	1	10325	1664	0
12805	1664	1280	10602	0	0	10604	832	0	10608	0	640	10606	832	640
12806	2496	3840	10602	0	0	10603	832	0	10609	0	640	10609	0	1280	10609	0	1920	10609	0	2560	10608	0	3200	10601	832	640	10601	832	1280	10601	832	1920	10601	832	2560	10607	832	3200	10604	1664	0	10605	1664	640	10605	1664	1280	10605	1664	1920	10605	1664	2560	10606	1664	3200
12807	2496	1280	10602	0	0	10608	0	640	10603	832	0	10604	1664	0	10607	832	640	10606	1664	640
12808	1664	1920	10602	0	0	10609	0	640	10608	0	1280	10604	832	0	10605	832	640	10606	832	1280
12809	2496	1920	10602	0	0	10603	832	0	10604	1664	0	10609	0	640	10601	832	640	10605	1664	640	10608	0	1280	10607	832	1280	10606	1664	1280
12811	2496	2560	10602	0	0	10603	832	0	10604	1664	0	10609	0	640	10609	0	1280	10608	0	1920	10601	832	640	10601	832	1280	10607	832	1920	10605	1664	640	10605	1664	1280	10606	1664	1920
12815	2496	1920	10611	0	0	10618	832	0	10617	1664	0	10612	0	640	10613	0	1280	10619	832	640	10616	1664	640	10614	832	1280	10615	1664	1280
12816	1664	2560	10611	0	0	10617	832	0	10612	0	640	10616	832	640	10612	0	1280	10616	832	1280	10613	0	1920	10615	832	1920
12817	3328	1280	10611	0	0	10618	832	0	10618	1664	0	10617	2496	0	10613	0	640	10614	832	640	10614	1664	640	10615	2496	640
12818	1664	1920	10611	0	0	10617	832	0	10612	0	640	10616	832	640	10613	0	1280	10615	832	1280
12819	3328	1280	10611	0	0	10618	832	0	10618	1664	0	10617	2496	0	10613	0	640	10614	832	640	10614	1664	640	10615	2496	640
12820	1664	2560	10611	0	0	10617	832	0	10612	0	640	10616	832	640	10612	0	1280	10616	832	1280	10613	0	1920	10615	832	1920
12821	2496	1920	10602	0	0	10603	832	0	10604	1664	0	10609	0	640	10601	832	640	10605	1664	640	10608	0	1280	10607	832	1280	10606	1664	1280
12822	2496	641	10324	0	0	10321	832	1	10325	1664	0
12823	1664	1280	10602	0	0	10604	832	0	10608	0	640	10606	832	640
12824	1664	1920	10602	0	0	10604	832	0	10609	0	640	10605	832	640	10608	0	1280	10606	832	1280
12825	1664	1280	10602	0	0	10608	0	640	10604	832	0	10606	832	640
12826	3328	1280	10602	0	0	10608	0	640	10603	832	0	10607	832	640	10603	1664	0	10607	1664	640	10604	2496	0	10606	2496	640
12827	1664	1280	10602	0	0	10604	832	0	10608	0	640	10606	832	640
12828	1664	2560	10602	0	0	10604	832	0	10609	0	640	10605	832	640	10609	0	1280	10605	832	1280	10608	0	1920	10606	832	1920
12829	2496	1280	10602	0	0	10603	832	0	10604	1664	0	10608	0	640	10607	832	640	10606	1664	640
12830	1664	1920	10602	0	0	10604	832	0	10609	0	640	10605	832	640	10608	0	1280	10606	832	1280
12831	1664	2560	10622	0	0	10624	832	0	10629	0	640	10629	0	1280	10628	0	1920	10625	832	640	10625	832	1280	10626	832	1920
12841	3328	1281	10622	0	0	10628	0	640	10623	832	0	10623	1664	1	10624	2496	0	10627	832	640	10627	1664	641	10626	2496	640
12842	832	640	10103	0	0
12851	832	640	10208	0	0
12852	3328	1280	10602	0	0	10603	832	0	10603	1664	0	10604	2496	0	10608	0	640	10607	832	640	10607	1664	640	10606	2496	640
12853	2496	1280	10602	0	0	10603	832	0	10604	1664	0	10608	0	640	10607	832	640	10606	1664	640
12854	832	640	50010	0	0
12855	832	640	50072	0	0
12861	1664	1920	10602	0	0	10604	832	0	10609	0	640	10608	0	1280	10605	832	640	10606	832	1280
12862	1664	2560	10602	0	0	10604	832	0	10609	0	640	10609	0	1280	10605	832	640	10605	832	1280	10608	0	1920	10606	832	1920
12871	3328	1281	10622	0	0	10628	0	640	10623	832	0	10623	1664	1	10624	2496	0	10627	832	640	10627	1664	641	10626	2496	640
12881	3328	1281	10622	0	0	10628	0	640	10623	832	0	10623	1664	1	10624	2496	0	10627	832	640	10627	1664	641	10626	2496	640
12882	3328	1281	10622	0	0	10628	0	640	10623	832	0	10623	1664	1	10624	2496	0	10627	832	640	10627	1664	641	10626	2496	640
12891	1664	2560	10602	0	0	10604	832	0	10609	0	640	10605	832	640	10609	0	1280	10605	832	1280	10608	0	1920	10606	832	1920
12892	1280	640	34608	0	0
12901	1600	1600	10955	0	0
12902	1600	1600	10955	0	0
12911	1664	960	50126	0	0
12921	960	1280	50117	0	0
12922	1600	640	50122	0	0
12923	1280	960	50118	0	0
12924	832	1664	50119	0	0
12925	832	1664	50119	0	0
12926	832	1664	50119	0	0
12927	832	1664	50119	0	0
12928	832	1664	50119	0	0
12929	832	1664	50119	0	0
12930	832	1664	50119	0	0
12931	832	1664	50119	0	0
12932	832	1664	50119	0	0
12933	832	1664	50119	0	0
12934	1280	960	50120	0	0
12935	832	1664	50170	0	0
12936	832	1664	50170	0	0
12937	832	1664	50170	0	0
12938	832	1664	50170	0	0
12939	1216	896	50140	0	0
12941	1600	640	50122	0	0
12942	1280	960	50118	0	0
12943	832	1664	50119	0	0
12944	832	960	10415	0	0
12945	1600	1216	10418	0	0
12946	1280	960	10447	0	0
12947	1600	1216	10417	0	0
12948	1280	960	10448	0	0
12949	1280	896	10420	0	0
12950	896	1280	51088	0	0
12951	896	1280	51088	0	0
12952	896	1280	51088	0	0
12953	896	1280	51088	0	0
12954	896	640	51069	0	0
12990	1344	960	50023	0	0
12991	1344	960	50023	0	0
12992	1664	1920	10641	0	0	10643	832	0	10648	0	640	10647	0	1280	10644	832	640	10645	832	1280
12993	832	1664	50119	0	0
12994	832	1664	50119	0	0
12995	832	1664	50119	0	0
12996	832	1664	50119	0	0
12997	832	1664	50119	0	0
12998	832	1664	50119	0	0
12999	1216	896	50140	0	0
13000	2432	1920	13000	0	0
13001	960	832	10502	0	0
13002	1472	1152	50032	0	0
13003	1280	640	50027	0	0
13004	1344	960	50082	0	0
13005	832	640	51025	0	0
13011	960	832	10504	0	0
13012	896	640	50054	0	0
13013	896	640	50055	0	0
13014	1344	960	50076	0	0
13015	1280	640	50027	0	0
13016	1408	960	50197	0	0
13017	896	640	51032	0	0
13018	1280	640	50026	0	0
13019	1408	960	50197	0	0
13021	960	832	10501	0	0
13022	896	640	50057	0	0
13023	1664	1280	10602	0	0	10608	0	640	10604	832	0	10606	832	640
13031	960	832	10504	0	0
13032	896	640	50052	0	0
13033	1280	640	50078	0	0
13041	960	832	10503	0	0
13042	896	640	50056	0	0
13043	1664	1280	10602	0	0	10604	832	0	10608	0	640	10606	832	640
13051	1600	1152	50037	0	0
13061	1728	1024	50061	0	0
13071	2048	1280	51075	0	0
13101	800	600	50084	0	0
13102	832	640	50002	0	0
13103	800	600	50085	0	0
13104	832	640	50039	0	0
13105	800	600	50085	0	0
13106	800	600	50085	0	0
13107	800	600	50084	0	0
13108	832	640	50002	0	0
13109	800	600	50085	0	0
13110	832	640	50136	0	0
13111	832	640	50148	0	0
13112	832	640	50164	0	0
13113	800	600	50085	0	0
13114	832	640	50002	0	0
13115	832	640	50137	0	0
13131	832	640	50004	0	0
13132	832	640	50004	0	0
13133	800	600	50086	0	0
13134	832	640	50003	0	0
13135	800	600	50087	0	0
13136	800	600	50086	0	0
13137	800	600	50086	0	0
13138	640	480	50081	0	0
13139	832	640	50096	0	0
13140	832	640	50150	0	0
13141	832	640	50137	0	0
13142	800	600	50087	0	0
13143	832	640	50150	0	0
13151	832	640	50160	0	0
13171	832	640	50006	0	0
13172	800	600	50089	0	0
13173	800	600	50089	0	0
13174	800	600	50088	0	0
13175	800	600	50089	0	0
13176	832	640	50005	0	0
13177	800	600	50088	0	0
13178	832	640	50006	0	0
13179	800	600	50088	0	0
13180	832	640	50006	0	0
13181	800	600	50088	0	0
13182	832	640	50006	0	0
13183	832	640	50146	0	0
13184	832	640	50186	0	0
13185	800	600	50089	0	0
13186	832	640	50186	0	0
13201	832	640	50009	0	0
13202	832	640	50009	0	0
13203	832	640	50009	0	0
13221	832	640	50016	0	0
13222	832	640	50016	0	0
13223	832	640	50016	0	0
13224	832	640	50016	0	0
13241	832	640	50007	0	0
13242	832	640	50008	0	0
13243	832	640	50007	0	0
13244	832	640	50008	0	0
13245	832	640	50007	0	0
13246	832	640	50007	0	0
13261	832	640	50060	0	0
13262	832	640	50060	0	0
13263	832	640	50060	0	0
13281	1280	640	50045	0	0
13282	1280	640	50046	0	0
13283	1280	960	50178	0	0
13284	1280	640	50046	0	0
13301	960	704	50014	0	0
13302	1280	896	50065	0	0
13303	832	640	50013	0	0
13304	832	640	50013	0	0
13305	1600	640	50083	0	0
13306	960	704	50014	0	0
13307	832	640	50013	0	0
13308	1280	896	50065	0	0
13309	1600	640	50083	0	0
13310	1280	896	50065	0	0
13401	1280	896	50028	0	0
13402	1600	640	50091	0	0
13403	1600	640	50043	0	0
13404	3200	640	10206	0	0	10206	1600	0
13405	1280	896	50029	0	0
13406	1600	640	50090	0	0
13407	1600	640	50044	0	0
13411	1280	896	50028	0	0
13412	1600	640	50043	0	0
13413	1280	896	50029	0	0
13414	1600	640	50044	0	0
13421	1280	896	50028	0	0
13422	1600	640	50043	0	0
13423	1152	640	10204	0	0
13424	832	640	50071	0	0
13425	832	640	50072	0	0
13426	832	640	50072	0	0
13427	1280	896	50029	0	0
13428	1600	640	50044	0	0
13431	1280	896	50028	0	0
13432	1600	640	50043	0	0
13433	3200	640	10206	0	0	10206	1600	0
13434	832	640	51006	0	0
13435	1344	960	51007	0	0
13436	2496	1281	10622	0	0	10623	832	0	10624	1664	1	10628	0	640	10627	832	640	10626	1664	641
13437	1280	896	50029	0	0
13438	1600	640	50044	0	0
13441	832	640	10207	0	0
13442	3200	641	10206	0	0	10205	1600	1
13443	832	640	10203	0	0
13444	832	640	50010	0	0
13445	832	640	50010	0	0
13446	832	640	50010	0	0
13447	960	704	50015	0	0
13448	832	640	50072	0	0
13449	832	640	50071	0	0
13451	1600	1216	10114	0	0
13452	3328	1942	10000	0	0	10303	832	662	10313	833	22	10312	831	1302	10302	1664	662	10325	2496	662	10324	0	662
13453	2496	1281	10622	0	0	10623	832	0	10624	1664	1	10628	0	640	10627	832	640	10626	1664	641
13454	3200	640	10205	0	0	10205	1600	0
13455	832	640	50071	0	0
13456	832	640	50071	0	0
13457	832	640	50010	0	0
13461	1600	640	10411	0	0
13462	1600	640	10408	0	0
13463	3328	1920	10622	0	0	10623	832	0	10623	1664	0	10624	2496	0	10629	0	640	10621	832	640	10621	1664	640	10625	2496	640	10628	0	1280	10627	832	1280	10627	1664	1280	10626	2496	1280
13464	1600	1088	10414	0	0
13465	1664	2560	10622	0	0	10624	832	0	10629	0	640	10629	0	1280	10628	0	1920	10625	832	640	10625	832	1280	10626	832	1920
13471	3840	640	10209	0	0
13472	3840	640	10210	0	0
13473	3840	640	10211	0	0
13474	960	704	50014	0	0
13475	832	640	50011	0	0
13476	832	640	50071	0	0
13477	832	640	50071	0	0
13478	832	640	50111	0	0
13479	832	640	50072	0	0
13480	832	640	50072	0	0
13481	832	640	50010	0	0
13482	1280	704	50132	0	0
13483	1664	3200	10641	0	0	10643	832	0	10648	0	640	10644	832	640	10648	0	1280	10644	832	1280	10648	0	1920	10644	832	1920	10647	0	2560	10645	832	2560
13484	1664	1280	10641	0	0	10643	832	0	10647	0	640	10645	832	640
13491	1664	1280	10641	0	0	10643	832	0	10647	0	640	10645	832	640
13496	1280	960	51043	0	0
13501	2496	1302	10000	0	0	10324	0	662	10307	832	661	10311	831	21	10314	1664	661	10329	1663	22
13502	1667	2560	10305	0	0	10305	2	1280	10310	834	1280	10314	833	640	10312	3	1920	10328	1	1	10326	835	1920	10305	3	641
13503	2498	1922	10315	0	0	10306	832	1	10303	834	641	10314	1666	638	10319	2	642	10312	833	1281	10326	2	1282	10329	1664	2
13504	1664	1282	10324	0	0	10310	832	2	10326	831	642
13505	768	576	10017	0	0
13506	768	576	10027	0	0
13507	768	576	10017	0	0
13511	1664	1280	10324	0	0	10310	832	0	10323	832	640
13512	2505	1982	10000	0	0	10307	840	700	10302	8	698	10304	1672	702	10326	1672	1342	10328	1673	62	10328	840	60
13513	3338	1920	10000	0	0	10327	842	0	10310	1674	0	10307	1674	640	10306	842	640	10327	10	640	10312	842	1280	10302	2506	640
13514	3328	1942	10000	0	0	10315	0	662	10303	832	662	10313	832	22	10312	832	1302	10303	1664	662	10312	1664	1302	10313	1664	22	10329	2496	662
13515	832	1280	10328	0	0	10326	0	640
13516	1664	641	10327	0	0	10329	832	1
13517	1664	641	10327	0	0	10329	832	1
13518	832	1280	10328	0	0	10326	0	640
13519	2496	1940	10000	0	0	10303	832	660	10312	834	1300	10313	829	21	10329	1664	661	10315	0	660
13520	768	576	10027	0	0
13521	768	576	10021	0	0
13522	576	512	10016	0	0
13523	768	576	10023	0	0
13524	576	512	10010	0	0
13525	768	384	10002	0	0
13526	768	576	10006	0	0
13527	576	448	10011	0	0
13528	768	576	10020	0	0
13541	4160	1941	10000	0	0	10324	0	661	10306	832	661	10301	832	1301	10303	1664	661	10312	1664	1301	10313	1665	21	10303	2496	661	10312	2495	1301	10313	2496	21	10329	3328	661
13542	3328	1942	10000	0	0	10303	832	662	10313	832	22	10312	832	1302	10303	1664	662	10312	1664	1302	10313	1664	22	10327	0	662	10302	2496	662
13543	2505	2560	10000	0	0	10328	841	0	10303	841	640	10315	9	640	10314	1673	640	10303	841	1280	10314	1673	1279	10315	9	1280	10308	840	1920	10302	1672	1920
13544	3328	1942	10000	0	0	10303	832	662	10313	832	22	10312	832	1302	10303	1664	662	10312	1664	1302	10313	1664	22	10302	0	662	10304	2496	662	10312	2495	1302	10313	2496	22
13545	3328	1942	10000	0	0	10303	832	662	10313	832	22	10312	832	1302	10303	1664	662	10312	1664	1302	10313	1664	22	10302	0	662	10304	2496	662	10312	2495	1302	10313	2496	22
13546	3338	2681	10000	0	0	10301	842	121	10303	842	761	10327	10	761	10318	1674	761	10305	1674	1401	10304	842	1401	10327	10	1401	10326	842	2041	10326	1674	2041	10329	2506	1400
13547	2496	1280	10327	0	0	10306	832	0	10314	1664	0	10326	832	640
13548	768	576	10023	0	0
13549	768	576	10018	0	0
13550	768	384	10002	0	0
13551	768	576	10006	0	0
13552	384	576	10003	0	0
13553	576	384	10009	0	0
13554	576	448	10014	0	0
13561	3328	1942	10000	0	0	10302	0	662	10303	832	662	10313	833	22	10312	831	1302	10302	1664	662	10325	2496	662
13562	2496	2561	10315	0	0	10306	832	1	10314	1664	0	10303	832	641	10302	1664	641	10327	0	642	10305	832	1281	10312	832	1921	10314	1664	1281
13563	768	576	10026	0	0
13564	2496	1940	10000	0	0	10303	832	660	10312	834	1300	10313	829	21	10329	1664	661	10327	0	660
13565	768	576	10026	0	0
13566	2496	1942	10000	0	0	10315	0	662	10303	832	662	10313	832	22	10312	832	1302	10329	1664	662
13571	2496	1280	10327	0	0	10306	832	0	10329	1664	0	10323	832	640
13572	768	576	10018	0	0
13573	768	576	10017	0	0
13574	2505	2560	10000	0	0	10328	842	0	10304	842	640	10327	10	640	10303	841	1280	10327	9	1280	10329	1673	1280	10326	840	1920
13575	576	512	10012	0	0
13576	576	448	10011	0	0
13577	768	576	10005	0	0
13578	2496	1922	10327	0	0	10306	832	2	10329	1664	4	10305	831	642	10329	1663	644	10326	831	1282
13579	576	512	10010	0	0
13580	576	384	10009	0	0
13581	768	576	10027	0	0
13582	768	576	10018	0	0
13583	2496	1280	10327	0	0	10306	832	0	10329	1664	0	10326	832	640
13584	768	576	10006	0	0
13585	2496	1920	10328	0	0	10305	0	640	10326	0	1280	10307	832	640	10329	1664	640	10328	832	0
13586	384	576	10004	0	0
13587	768	384	10001	0	0
13588	768	576	10020	0	0
13801	1664	1920	10602	0	0	10604	832	0	10609	0	640	10608	0	1280	10605	832	640	10606	832	1280
13802	2496	1920	10602	0	0	10603	832	0	10604	1664	0	10609	0	640	10601	832	640	10605	1664	640	10608	0	1280	10607	832	1280	10606	1664	1280
13803	832	640	50010	0	0
13804	1664	2560	10602	0	0	10604	832	0	10609	0	640	10609	0	1280	10608	0	1920	10605	832	640	10605	832	1280	10606	832	1920
13806	3328	1280	10602	0	0	10603	832	0	10603	1664	0	10604	2496	0	10608	0	640	10607	832	640	10607	1664	640	10606	2496	640
13811	1664	2560	10602	0	0	10604	832	0	10609	0	640	10609	0	1280	10605	832	640	10605	832	1280	10608	0	1920	10606	832	1920
13812	1664	1920	10602	0	0	10604	832	0	10609	0	640	10605	832	640	10608	0	1280	10606	832	1280
13821	1664	2560	10602	0	0	10604	832	0	10609	0	640	10605	832	640	10609	0	1280	10605	832	1280	10608	0	1920	10606	832	1920
13822	2496	1280	10602	0	0	10608	0	640	10603	832	0	10604	1664	0	10607	832	640	10606	1664	640
13831	2496	2560	10622	0	0	10623	832	0	10624	1664	0	10629	0	640	10621	832	640	10625	1664	640	10629	0	1280	10621	832	1280	10625	1664	1280	10628	0	1920	10627	832	1920	10626	1664	1920
13832	1664	1280	10622	0	0	10624	832	0	10628	0	640	10626	832	640
13841	3328	1281	10622	0	0	10628	0	640	10623	832	0	10623	1664	1	10624	2496	0	10627	832	640	10627	1664	641	10626	2496	640
13842	3328	1280	10327	0	0	10306	832	0	10312	831	640	10306	1664	0	10312	1664	640	10325	2496	0
13843	768	576	10006	0	0
13844	3328	1281	10622	0	0	10628	0	640	10623	832	0	10623	1664	1	10624	2496	0	10627	832	640	10627	1664	641	10626	2496	640
13851	2496	1280	10641	0	0	10642	832	0	10643	1664	0	10645	1664	640	10646	832	640	10647	0	640
13852	2496	1280	10641	0	0	10647	0	640	10642	832	0	10646	832	640	10643	1664	0	10645	1664	640
13853	832	640	50071	0	0
13854	1280	960	51020	0	0
13855	1280	960	50105	0	0
13856	832	640	50047	0	0
13857	1664	2560	10641	0	0	10643	832	0	10648	0	640	10648	0	1280	10647	0	1920	10644	832	640	10644	832	1280	10645	832	1920
13861	2496	1920	10622	0	0	10623	832	0	10624	1664	0	10629	0	640	10628	0	1280	10621	832	640	10625	1664	640	10627	832	1280	10626	1664	1280
13871	2496	1920	10602	0	0	10603	832	0	10604	1664	0	10609	0	640	10608	0	1280	10601	832	640	10607	832	1280	10605	1664	640	10606	1664	1280
13872	832	640	50072	0	0
13873	1664	1920	10602	0	0	10604	832	0	10609	0	640	10605	832	640	10608	0	1280	10606	832	1280
13881	4992	1280	10602	0	0	10608	0	640	10603	832	0	10607	832	640	10603	1664	0	10607	1664	640	10603	2496	0	10607	2496	640	10603	3328	0	10607	3328	640	10604	4160	0	10606	4160	640
13882	832	640	50010	0	0
13883	832	640	50071	0	0
13884	1664	1920	10602	0	0	10604	832	0	10609	0	640	10605	832	640	10608	0	1280	10606	832	1280
13885	1664	2560	10622	0	0	10624	832	0	10629	0	640	10629	0	1280	10628	0	1920	10625	832	640	10625	832	1280	10626	832	1920
13886	1664	2560	10622	0	0	10648	0	640	10648	0	1280	10647	0	1920	10643	832	0	10625	832	640	10644	832	1280	10626	832	1920
13891	2496	1280	10602	0	0	10608	0	640	10603	832	0	10604	1664	0	10607	832	640	10606	1664	640
13892	2496	1280	10602	0	0	10608	0	640	10603	832	0	10604	1664	0	10607	832	640	10606	1664	640
13893	3328	1280	10602	0	0	10603	832	0	10603	1664	0	10604	2496	0	10608	0	640	10607	832	640	10607	1664	640	10606	2496	640
13990	1344	960	50023	0	0
14000	1920	2688	14000	0	0
14001	960	832	10501	0	0
14002	1280	1024	50031	0	0
14003	832	640	50033	0	0
14011	1280	960	50042	0	0
14101	832	640	50001	0	0
14102	832	640	50169	0	0
14103	832	640	50137	0	0
14131	832	640	50003	0	0
14132	832	640	50067	0	0
14171	800	600	50089	0	0
14172	832	640	50066	0	0
14173	832	640	50067	0	0
14174	832	640	50066	0	0
14201	832	640	50009	0	0
14221	832	640	50016	0	0
14241	832	640	50007	0	0
14261	832	640	50059	0	0
14281	1280	640	50045	0	0
14301	960	704	50015	0	0
14401	1280	896	50028	0	0
14402	1600	640	50043	0	0
14403	1280	896	50029	0	0
14404	1600	640	50044	0	0
14411	1280	896	50028	0	0
14412	1600	640	50043	0	0
14413	1280	896	50029	0	0
14414	1600	640	50044	0	0
14421	1600	1088	10414	0	0
14422	832	640	10402	0	0
14423	832	640	10403	0	0
14424	832	640	10409	0	0
14425	832	640	50048	0	0
14431	1600	1152	51009	0	0
14441	1600	1152	51008	0	0
14501	3328	2563	10328	0	0	10320	0	640	10305	0	1280	10312	0	1920	10303	832	1283	10313	832	643	10323	832	1923	10317	1664	1285	10305	1664	645	10328	1664	5	10314	2496	647
14502	2496	1920	10313	0	0	10305	0	640	10326	0	1280	10307	832	640	10313	832	0	10329	1664	640
14503	2505	1982	10000	0	0	10328	841	62	10327	9	702	10314	1673	703	10303	841	702	10312	841	1342
14504	2496	1940	10000	0	0	10303	832	660	10312	834	1300	10313	829	21	10329	1664	661	10327	0	660
14505	2496	1920	10328	0	0	10316	0	640	10306	832	640	10314	1664	640	10307	832	1280	10314	1664	1279	10327	0	1280
14506	2498	1921	10314	0	0	10315	2	640	10303	834	641	10314	1666	641	10328	834	1	10323	833	1281
14507	768	576	10027	0	0
14508	768	576	10019	0	0
14509	768	576	10023	0	0
14510	768	576	10020	0	0
14511	768	576	10019	0	0
14521	2498	1921	10314	0	0	10315	2	640	10303	834	641	10314	1666	641	10328	834	1	10323	833	1281
14522	2496	1280	10327	0	0	10306	832	0	10329	1664	0	10307	832	640	10314	1664	640	10315	0	640
14523	2507	2564	10000	0	0	10313	842	2	10304	842	642	10327	10	640	10308	842	1282	10304	1674	1284	10313	1675	644	10323	1674	1924
14524	4992	1930	10328	0	0	10316	0	640	10306	832	642	10306	1664	644	10312	1664	1284	10307	2496	646	10313	2496	6	10326	831	1282	10306	3328	648	10312	3328	1288	10304	4160	650	10326	4160	1290	10328	4160	10
14525	1664	642	10315	0	0	10329	832	2
14526	832	1280	10328	0	0	10326	0	640
14527	1664	642	10315	0	0	10329	832	2
14528	1664	642	10327	0	0	10314	832	2
14529	1664	642	10315	0	0	10329	832	2
14530	832	1280	10328	0	0	10326	0	640
14531	1664	642	10327	0	0	10314	832	2
14532	1664	642	10327	0	0	10314	832	2
14533	768	576	10022	0	0
14534	768	576	10021	0	0
14535	768	576	10025	0	0
14536	768	576	10025	0	0
14537	768	576	10020	0	0
14538	768	576	10019	0	0
14541	3329	3223	10000	0	0	10324	0	662	10303	832	663	10313	832	23	10320	832	1303	10303	832	1943	10315	0	1943	10301	831	2583	10314	1664	1943	10303	1664	663	10312	1663	1303	10311	1665	23	10302	2497	23	10314	2496	663
14542	3329	3222	10000	0	0	10315	1	662	10303	833	662	10313	834	22	10303	833	1302	10307	1665	662	10313	1665	22	10302	1	1302	10302	2497	662	10314	1665	1302	10305	832	1942	10312	832	2582	10314	1664	1942
14543	3329	2582	10000	0	0	10315	1	662	10313	834	22	10303	833	1302	10313	1665	22	10302	1	1302	10304	833	662	10312	832	1942	10303	1665	1302	10312	1665	1942	10314	2497	1302	10305	1665	662	10314	2497	662
14544	3337	2620	10000	0	0	10301	841	60	10305	841	700	10303	841	1340	10306	1673	1340	10307	1673	700	10302	2505	1340	10314	2505	700	10313	1674	60	10312	841	1980	10315	9	1340	10312	1673	1980
14545	2497	3222	10000	0	0	10315	1	662	10303	833	662	10313	834	22	10303	833	1302	10302	1	1302	10314	1665	1302	10312	832	2582	10314	1664	1942	10314	1665	662	10303	833	1942	10315	1	1942
14551	2496	1920	10328	0	0	10316	0	640	10306	832	640	10323	832	1280	10317	1664	640	10328	1664	0
14552	768	576	10024	0	0
14553	1664	1920	10328	0	0	10305	0	640	10326	0	1280	10329	832	640
14554	576	384	10013	0	0
14555	1664	1942	10000	0	0	10327	0	662	10304	832	662	10326	832	1302	10328	832	22
14556	576	512	10015	0	0
14557	768	576	10023	0	0
14558	2496	640	10315	0	0	10321	832	0	10329	1664	0
14559	768	576	10022	0	0
14560	2496	1303	10000	0	0	10327	0	662	10329	1664	662	10307	832	663	10328	832	23
14561	768	576	10005	0	0
14562	2496	1280	10327	0	0	10306	832	0	10329	1664	0	10326	831	640
14563	576	448	10011	0	0
14564	768	576	10024	0	0
14565	832	1920	10313	0	0	10320	0	640	10326	0	1280
14566	768	576	10005	0	0
14571	3328	1942	10000	0	0	10303	832	662	10313	833	22	10312	831	1302	10302	1664	662	10325	2496	662	10327	0	662
14572	768	576	10026	0	0
14573	2496	1940	10000	0	0	10303	832	660	10328	831	21	10329	1664	662	10327	0	660	10326	833	1300
14574	768	576	10020	0	0
14575	768	576	10017	0	0
14576	2496	1280	10327	0	0	10306	832	0	10329	1664	0	10326	831	640
14577	768	576	10022	0	0
14578	2496	1303	10000	0	0	10327	0	662	10329	1664	662	10307	832	663	10328	832	23
14579	768	576	10019	0	0
14580	1664	1942	10000	0	0	10327	0	662	10304	832	662	10328	832	22	10326	832	1302
14581	768	576	10018	0	0
14582	768	576	10026	0	0
14583	1664	641	10302	0	0	10329	832	1
14584	1664	641	10327	0	0	10302	832	1
14585	768	576	10025	0	0
14586	832	1280	10313	0	0	10326	0	640
14587	832	1280	10328	0	0	10312	0	640
14588	4160	3221	10000	0	0	10327	0	661	10306	832	661	10307	1664	661	10313	1664	21	10318	2496	661	10304	832	1301	10315	0	1301	10307	832	1941	10327	0	1941	10306	1664	1941	10312	1664	2581	10317	2496	1940	10303	2496	1301	10315	1664	1301	10329	3328	1301
14589	768	576	10021	0	0
14590	832	1280	10313	0	0	10326	0	640
14591	768	576	10023	0	0
14592	832	1280	10328	0	0	10312	0	640
14593	2496	1920	10315	0	0	10306	832	0	10329	1664	0	10303	832	640	10314	1664	640	10327	0	640	10307	832	1280	10329	1664	1280	10315	0	1280
14594	768	576	10025	0	0
14595	832	1280	10313	0	0	10326	0	640
14596	1664	641	10315	0	0	10329	832	1
14597	832	1280	10328	0	0	10326	0	640
14598	768	576	10027	0	0
14599	832	1280	10328	0	0	10301	0	640
14600	832	1280	10301	0	0	10326	0	640
14601	768	576	10021	0	0
14602	2505	2560	10000	0	0	10319	841	0	10305	841	640	10329	1673	0	10329	1673	640	10304	841	1280	10327	9	1280	10326	841	1920
14603	576	384	10009	0	0
14604	768	576	10006	0	0
14605	2496	2560	10327	0	0	10310	832	0	10305	832	640	10329	1664	640	10304	832	1280	10327	0	1280	10326	832	1920
14606	576	512	10010	0	0
14607	768	384	10002	0	0
14608	768	576	10018	0	0
14609	768	576	10017	0	0
14610	2496	1280	10327	0	0	10306	832	0	10329	1664	0	10326	832	640
14611	768	576	10027	0	0
14612	832	1280	10328	0	0	10326	0	640
14613	768	576	10018	0	0
14614	1664	641	10327	0	0	10325	832	1
14615	832	640	10368	0	0
14616	832	640	10369	0	0
14617	1280	960	10453	0	0
14618	1280	960	51070	0	0
14619	1664	640	10392	0	0	10384	832	0
14620	4160	2560	10000	0	0	10392	0	1280	10000	0	1920	10381	0	0	10380	832	0	10378	0	640	10373	832	640	10377	1664	640	10377	2496	640	10394	3328	640	10374	832	1280	10395	832	1920	10381	1664	1280	10372	2496	1280	10380	3328	1280	10395	1664	1920	10000	2496	1920	10395	3328	1920	10393	1664	0	10393	2496	0
14621	3328	2560	10385	0	0	10392	0	640	10392	0	1280	10000	0	1920	10380	832	0	10379	832	640	10376	832	1280	10393	1664	0	10375	1664	640	10373	1664	1280	10395	832	1920	10378	1664	1920	10000	2496	0	10394	2496	640	10380	2496	1280	10379	2496	1920
14622	3328	3200	10000	0	0	10392	0	640	10392	0	1280	10381	0	1920	10378	0	2560	10393	832	0	10374	832	640	10374	832	1280	10373	832	1920	10379	832	2560	10393	1664	0	10371	1664	640	10378	1664	1280	10376	1664	1920	10395	1664	2560	10000	2496	0	10394	2496	1280	10000	2496	640	10394	2496	1920	10000	2496	2560
14623	832	1280	10383	0	0	10395	0	640
14624	832	1280	10383	0	0	10395	0	640
14625	1664	640	10385	0	0	10394	832	0
14626	1664	640	10385	0	0	10394	832	0
14627	1664	640	10385	0	0	10394	832	0
14628	832	1280	10393	0	0	10382	0	640
14629	832	1280	10393	0	0	10382	0	640
14630	1664	640	10392	0	0	10384	832	0
14631	1664	640	10385	0	0	10394	832	0
14632	4160	1920	10000	0	0	10392	0	640	10381	832	0	10380	1664	0	10381	2496	0	10374	832	640	10371	1664	640	10375	2496	640	10394	3328	0	10394	3328	640	10385	0	1280	10379	832	1280	10378	1664	1280	10379	2496	1280	10000	3328	1280
14633	1664	640	10392	0	0	10384	832	0
14634	1280	960	51122	0	0
14635	832	1280	10322	0	0	10312	0	640
14636	4160	1920	10000	0	0	10000	832	1280	10000	2496	1280	10000	3328	1280	10328	0	0	10328	832	0	10328	1664	0	10328	2496	0	10328	3328	0	10308	0	640	10307	832	640	10303	1664	640	10307	2496	640	10309	3328	640	10323	1664	1280
14637	2496	3200	10000	0	0	10000	1664	0	10000	1664	1280	10000	832	2560	10000	1664	2560	10322	0	0	10308	0	640	10315	0	1280	10311	0	1920	10323	0	2560	10306	832	640	10304	832	1280	10307	832	1920	10325	1664	1920	10325	1664	640
14638	2496	3200	10000	0	0	10000	0	1280	10000	0	2560	10000	1664	0	10000	1664	640	10000	1664	1920	10000	1664	2560	10322	832	0	10324	0	640	10304	832	640	10305	832	1280	10325	1664	1280	10304	832	1920	10324	0	1920	10326	832	2560
14639	2496	3200	10000	0	0	10000	0	2560	10000	1664	0	10000	1664	640	10000	1664	1920	10000	1664	2560	10000	0	640	10000	0	1920	10322	832	0	10301	832	640	10324	0	1280	10329	1664	1280	10303	832	1280	10301	832	1920	10323	832	2560
14640	2496	3200	10000	0	0	10000	0	2560	10000	1664	0	10000	1664	2560	10000	0	640	10000	0	1920	10000	1664	1280	10322	832	0	10305	832	640	10325	1664	640	10304	832	1280	10324	0	1280	10305	832	1920	10325	1664	1920	10323	832	2560
14641	2496	3200	10000	0	0	10000	0	1280	10000	0	2560	10000	1664	640	10000	832	0	10000	832	2560	10324	0	640	10306	832	640	10309	1664	640	10322	1664	0	10305	832	1280	10314	1664	1280	10324	0	1920	10307	832	1920	10310	1664	1920	10323	1664	2560
14642	2496	3200	10000	0	0	10000	1664	0	10000	1664	1280	10000	832	2560	10000	1664	2560	10322	0	0	10308	0	640	10315	0	1280	10311	0	1920	10323	0	2560	10306	832	640	10304	832	1280	10307	832	1920	10325	1664	1920	10325	1664	640
14643	2496	3200	10000	0	0	10000	0	1280	10000	0	2560	10000	1664	0	10000	1664	640	10000	1664	1920	10000	1664	2560	10322	832	0	10324	0	640	10304	832	640	10305	832	1280	10325	1664	1280	10304	832	1920	10324	0	1920	10326	832	2560
14644	2496	3200	10000	0	0	10000	0	2560	10000	1664	0	10000	1664	640	10000	1664	1920	10000	1664	2560	10000	0	640	10000	0	1920	10322	832	0	10301	832	640	10324	0	1280	10329	1664	1280	10303	832	1280	10301	832	1920	10323	832	2560
14645	2496	3200	10000	0	0	10000	0	2560	10000	1664	0	10000	1664	2560	10000	0	640	10000	0	1920	10000	1664	1280	10322	832	0	10305	832	640	10325	1664	640	10304	832	1280	10324	0	1280	10305	832	1920	10325	1664	1920	10323	832	2560
14646	2496	3200	10000	0	0	10000	0	1280	10000	0	2560	10000	1664	640	10000	832	0	10000	832	2560	10324	0	640	10306	832	640	10322	1664	0	10309	1664	640	10305	832	1280	10314	1664	1280	10324	0	1920	10307	832	1920	10310	1664	1920	10323	1664	2560
14647	4160	1920	10000	0	0	10000	832	0	10000	2496	0	10000	3328	0	10328	1664	0	10311	0	640	10306	832	640	10303	1664	640	10306	2496	640	10310	3328	640	10323	0	1280	10323	832	1280	10323	1664	1280	10323	2496	1280	10323	3328	1280
14648	4160	2560	10000	0	0	10315	0	640	10315	0	1280	10313	832	0	10307	832	1280	10301	2496	640	10307	2496	1280	10311	2496	0	10310	3328	0	10312	3328	640	10304	832	640	10303	1664	1280	10000	0	1920	10000	832	1920	10323	1664	1920	10000	2496	1920	10313	1664	0	10301	1664	640	10000	3328	1920	10314	3328	1280
14649	1664	640	10748	0	0	10755	832	0
14650	1664	640	10748	0	0	10755	832	0
14651	1664	640	10748	0	0	10755	832	0
14652	1664	640	10748	0	0	10755	832	0
14653	1664	640	10748	0	0	10755	832	0
14654	1664	640	10748	0	0	10755	832	0
14655	1664	640	10748	0	0	10755	832	0
14656	1664	640	10748	0	0	10755	832	0
14657	1664	640	10748	0	0	10755	832	0
14658	1664	640	10748	0	0	10755	832	0
14659	1664	640	10748	0	0	10755	832	0
14660	1664	640	10748	0	0	10755	832	0
14661	1664	640	10748	0	0	10755	832	0
14662	1664	640	10748	0	0	10755	832	0
14663	1664	640	10748	0	0	10755	832	0
14664	1664	640	10748	0	0	10755	832	0
14665	1664	640	10748	0	0	10755	832	0
14666	1664	640	10748	0	0	10755	832	0
14667	1664	640	10748	0	0	10755	832	0
14668	1664	640	10748	0	0	10755	832	0
14669	1664	640	10748	0	0	10755	832	0
14670	1664	640	10754	0	0	10749	832	0
14671	1664	640	10754	0	0	10749	832	0
14672	1664	640	10754	0	0	10749	832	0
14673	1664	640	10754	0	0	10749	832	0
14674	1664	640	10754	0	0	10749	832	0
14675	1664	640	10754	0	0	10749	832	0
14676	1664	640	10754	0	0	10749	832	0
14677	1664	640	10754	0	0	10749	832	0
14678	1664	640	10754	0	0	10749	832	0
14679	1664	640	10754	0	0	10749	832	0
14680	1664	640	10754	0	0	10749	832	0
14681	1664	640	10754	0	0	10749	832	0
14682	4160	2560	10163	0	0	10158	0	640	10165	0	1280	10165	0	1920	10161	832	0	10154	832	640	10153	832	1280	10159	832	1920	10152	1664	0	10163	1664	640	10153	1664	1280	10156	2496	0	10155	2496	640	10154	2496	1280	10158	2496	1920	10160	3328	640	10162	3328	1280	10164	3328	1920	10179	3328	0	10176	1664	1920
14683	832	1280	10178	0	0	10162	0	640
14684	1280	960	51122	0	0
14685	4160	2560	10172	0	0	10156	832	0	10156	1664	0	10156	2496	0	10164	3328	0	10163	0	640	10151	832	640	10162	1664	640	10155	2496	640	10160	3328	640	10158	0	1280	10153	832	1280	10156	1664	1280	10154	2496	1280	10162	3328	1280	10165	0	1920	10159	832	1920	10175	1664	1920	10158	2496	1920	10174	3328	1920
14686	832	1280	10178	0	0	10162	0	640
14687	1280	960	51121	0	0
14688	4160	2560	10173	0	0	10155	0	640	10158	0	1280	10164	832	1280	10165	832	0	10152	832	640	10152	1664	640	10152	1664	0	10156	2496	0	10164	3328	0	10165	1664	1280	10154	2496	640	10153	2496	1280	10163	3328	640	10159	3328	1280	10172	0	1920	10152	832	1920	10152	1664	1920	10157	2496	1920	10164	3328	1920
14689	1280	960	51119	0	0
14690	1280	960	51121	0	0
14691	4160	2560	10172	0	0	10152	832	0	10160	1664	0	10161	2496	0	10160	3328	0	10161	0	640	10152	832	640	10154	1664	640	10162	2496	640	10151	3328	640	10162	0	1280	10161	832	1280	10153	1664	1280	10152	2496	1280	10159	3328	1280	10165	0	1920	10159	832	1920	10158	1664	1920	10152	2496	1920	10174	3328	1920
14692	4160	2560	10172	0	0	10152	832	0	10156	1664	0	10152	2496	0	10174	3328	0	10165	0	640	10152	832	640	10154	1664	640	10161	0	1280	10156	832	1280	10159	1664	1280	10161	2496	640	10164	3328	640	10155	2496	1280	10160	3328	1280	10162	3328	1920	10175	0	1920	10158	832	1920	10152	1664	1920	10159	2496	1920
14693	4160	2560	10172	0	0	10152	832	0	10156	1664	0	10156	2496	0	10160	3328	0	10165	0	640	10152	832	640	10154	1664	640	10151	2496	640	10162	3328	640	10161	0	1280	10152	832	1280	10154	1664	1280	10158	0	1920	10164	832	1920	10158	1664	1920	10152	2496	1920	10174	3328	1920	10158	2496	1280	10164	3328	1280
14694	1664	640	10165	0	0	10174	832	0
14695	1280	960	51120	0	0
14696	1280	960	51124	0	0
14697	1600	1280	51079	0	0
14698	1600	640	50083	0	0
14801	2496	2560	10602	0	0	10603	832	0	10604	1664	0	10609	0	640	10601	832	640	10605	1664	640	10609	0	1280	10601	832	1280	10605	1664	1280	10608	0	1920	10607	832	1920	10606	1664	1920
14802	1280	832	10231	0	0
14803	960	768	50192	0	0
14804	1280	640	50115	0	0
14805	1664	1920	10602	0	0	10604	832	0	10609	0	640	10605	832	640	10608	0	1280	10606	832	1280
14811	832	640	10101	0	0
14812	832	640	10102	0	0
14813	3328	1281	10622	0	0	10628	0	640	10623	832	0	10623	1664	1	10624	2496	0	10627	832	640	10627	1664	641	10626	2496	640
14814	1664	1920	10622	0	0	10624	832	0	10629	0	640	10625	832	640	10628	0	1280	10626	832	1280
14815	832	640	50048	0	0
14816	832	960	10415	0	0
14821	3328	1920	10651	0	0	10658	0	640	10657	0	1280	10652	832	0	10659	832	640	10656	832	1280	10652	1664	0	10659	1664	640	10656	1664	1280	10653	2496	0	10654	2496	640	10655	2496	1280
14822	3328	1920	10651	0	0	10658	0	640	10657	0	1280	10652	832	0	10659	832	640	10656	832	1280	10652	1664	0	10659	1664	640	10656	1664	1280	10653	2496	0	10654	2496	640	10655	2496	1280
14823	2496	1280	10651	0	0	10652	832	0	10653	1664	0	10657	0	640	10656	832	640	10655	1664	640
14824	1664	1920	10651	0	0	10653	832	0	10658	0	640	10657	0	1280	10654	832	640	10655	832	1280
14825	1664	2560	10651	0	0	10653	832	0	10658	0	640	10654	832	640	10658	0	1280	10654	832	1280	10657	0	1920	10655	832	1920
14831	4160	1280	10651	0	0	10652	832	0	10652	1664	0	10652	2496	0	10653	3328	0	10657	0	640	10656	832	640	10656	1664	640	10656	2496	640	10655	3328	640
14832	4992	1280	10651	0	0	10652	832	0	10652	1664	0	10652	2496	0	10652	3328	1	10653	4160	0	10657	0	640	10656	832	640	10656	1664	640	10656	2496	640	10656	3328	640	10655	4160	640
14833	2496	1280	10651	0	0	10652	832	0	10653	1664	0	10657	0	640	10656	832	640	10655	1664	640
14834	960	768	50192	0	0
14835	1664	1920	10651	0	0	10653	832	0	10658	0	640	10654	832	640	10657	0	1280	10655	832	1280
14836	3328	1280	10651	0	0	10652	832	0	10652	1664	0	10653	2496	0	10657	0	640	10656	832	640	10656	1664	640	10655	2496	640
14837	1664	1920	10651	0	0	10653	832	0	10658	0	640	10654	832	640	10657	0	1280	10655	832	1280
14838	2496	1920	10651	0	0	10652	832	0	10653	1664	0	10658	0	640	10659	832	640	10654	1664	640	10657	0	1280	10656	832	1280	10655	1664	1280
14841	832	640	10208	0	0
14842	3328	1280	10602	0	0	10603	832	0	10603	1664	0	10604	2496	0	10608	0	640	10607	832	640	10607	1664	640	10606	2496	640
14843	1664	1920	10602	0	0	10604	832	0	10609	0	640	10605	832	640	10608	0	1280	10606	832	1280
14844	832	640	50072	0	0
14845	832	640	50010	0	0
14846	4992	1280	10602	0	0	10603	832	0	10603	1664	0	10603	2496	0	10603	3328	0	10604	4160	0	10608	0	640	10607	832	640	10607	1664	640	10607	2496	640	10607	3328	640	10606	4160	640
14847	960	768	50192	0	0
14851	1664	3200	10602	0	0	10604	832	0	10609	0	640	10605	832	640	10609	0	1280	10605	832	1280	10609	0	1920	10605	832	1920	10608	0	2560	10606	832	2560
14852	2496	2560	10602	0	0	10603	832	0	10604	1664	0	10609	0	640	10601	832	640	10605	1664	640	10609	0	1280	10601	832	1280	10605	1664	1280	10608	0	1920	10607	832	1920	10606	1664	1920
14861	3328	1280	10602	0	0	10603	832	0	10603	1664	0	10604	2496	0	10608	0	640	10607	832	640	10607	1664	640	10606	2496	640
14862	2496	1280	10602	0	0	10603	832	0	10604	1664	0	10608	0	640	10607	832	640	10606	1664	640
14871	4160	1280	10602	0	0	10603	832	0	10603	1664	0	10603	2496	0	10604	3328	0	10608	0	640	10607	832	640	10607	1664	640	10607	2496	640	10606	3328	640
14872	4992	1280	10602	0	0	10603	832	0	10603	1664	0	10603	2496	0	10603	3328	0	10604	4160	0	10608	0	640	10607	832	640	10607	1664	640	10607	2496	640	10607	3328	640	10606	4160	640
14873	960	768	50192	0	0
15000	3264	2624	15000	0	0
15001	960	832	10501	0	0
15002	896	640	50053	0	0
15003	1280	640	50073	0	0
15011	960	832	10504	0	0
15012	896	640	50058	0	0
15013	1664	1280	10602	0	0	10604	832	0	10608	0	640	10606	832	640
15014	1280	640	50034	0	0
15021	960	832	10504	0	0
15022	896	640	50052	0	0
15023	1664	1280	10602	0	0	10604	832	0	10608	0	640	10606	832	640
15024	1280	640	50035	0	0
15025	896	640	50052	0	0
15031	1728	1024	50062	0	0
15101	832	640	50001	0	0
15102	832	640	50001	0	0
15103	800	600	50084	0	0
15104	800	600	50085	0	0
15131	832	640	50003	0	0
15132	832	640	50004	0	0
15133	832	640	50003	0	0
15134	832	640	50004	0	0
15135	800	600	50086	0	0
15136	832	640	50137	0	0
15171	832	640	50005	0	0
15172	832	640	50006	0	0
15173	832	640	50006	0	0
15174	832	640	50006	0	0
15201	832	640	50009	0	0
15202	832	640	50009	0	0
15221	832	640	50017	0	0
15241	832	640	50007	0	0
15242	832	640	50008	0	0
15243	832	640	50008	0	0
15261	832	640	50060	0	0
15262	832	640	50060	0	0
15301	960	704	50014	0	0
15302	832	640	50013	0	0
15303	832	640	50011	0	0
15304	960	704	50014	0	0
15305	832	640	50013	0	0
15306	832	640	50011	0	0
15307	832	640	50013	0	0
15401	1280	896	50028	0	0
15402	1600	640	50043	0	0
15403	1280	896	50029	0	0
15404	1600	640	50044	0	0
15411	832	640	10202	0	0
15412	1600	1216	10114	0	0
15413	1600	640	10205	0	0
15414	832	640	50011	0	0
15415	1600	1216	10114	0	0
15421	1600	1088	10413	0	0
15422	1600	1088	10414	0	0
15423	2496	2560	10622	0	0	10623	832	0	10624	1664	0	10629	0	640	10621	832	640	10625	1664	640	10629	0	1280	10621	832	1280	10625	1664	1280	10628	0	1920	10627	832	1920	10626	1664	1920
15424	2496	1280	10622	0	0	10642	832	0	10624	1664	0	10647	0	640	10627	832	640	10626	1664	640
15431	1600	640	10412	0	0
15432	832	640	10402	0	0
15433	1664	1920	10602	0	0	10604	832	0	10609	0	640	10605	832	640	10608	0	1280	10606	832	1280
15434	800	600	50086	0	0
15435	1664	2560	10602	0	0	10604	832	0	10609	0	640	10609	0	1280	10608	0	1920	10605	832	640	10605	832	1280	10606	832	1920
15436	832	640	50047	0	0
15441	832	640	10201	0	0
15442	2496	2560	10622	0	0	10623	832	0	10624	1664	0	10629	0	640	10621	832	640	10625	1664	640	10629	0	1280	10621	832	1280	10625	1664	1280	10628	0	1920	10627	832	1920	10626	1664	1920
15443	832	640	50011	0	0
15444	832	640	50071	0	0
15445	2496	1281	10622	0	0	10623	832	0	10624	1664	1	10628	0	640	10627	832	640	10626	1664	641
15451	2496	1920	10031	0	0	10032	832	0	10033	1664	0	10035	0	640	10039	832	640	10034	1664	640	10036	0	1280	10037	832	1280	10038	1664	1280
15452	1664	2560	10622	0	0	10624	832	0	10629	0	640	10629	0	1280	10628	0	1920	10625	832	640	10625	832	1280	10626	832	1920
15453	832	640	50011	0	0
15454	832	640	50072	0	0
15455	1664	1280	10622	0	0	10624	832	0	10628	0	640	10626	832	640
15456	1664	1280	10622	0	0	10624	832	0	10628	0	640	10626	832	640
15457	1664	3200	10641	0	0	10648	0	640	10629	0	1280	10629	0	1920	10647	0	2560	10624	832	0	10644	832	640	10625	832	1280	10625	832	1920	10626	832	2560
15458	960	768	50193	0	0
15459	832	640	50010	0	0
15460	960	704	50014	0	0
15461	1280	960	10460	0	0
15462	1280	896	50131	0	0
15463	3328	1920	10631	0	0	10632	832	0	10632	1664	0	10633	2496	0	10638	0	640	10637	0	1280	10639	832	640	10636	832	1280	10639	1664	640	10636	1664	1280	10634	2496	640	10635	2496	1280
15464	832	640	50071	0	0
15471	1664	1280	10602	0	0	10604	832	0	10608	0	640	10606	832	640
15472	832	640	50048	0	0
15481	1600	1152	50092	0	0
15491	1600	1152	51008	0	0
15492	2496	2560	10641	0	0	10642	832	0	10643	1664	0	10691	0	640	10695	832	640	10692	1664	640	10697	832	1280	10692	1664	1280	10647	0	1920	10694	832	1920	10648	0	1280	10645	1664	1920
15493	3328	2560	10641	0	0	10642	832	0	10693	1664	0	10643	2496	0	10691	0	640	10698	832	640	10696	1664	640	10625	2496	640	10629	0	1280	10696	832	1280	10696	1664	1280	10644	2496	1280	10647	0	1920	10694	832	1920	10694	1664	1920	10645	2496	1920
15494	1280	960	50143	0	0
15501	2498	2560	10315	0	0	10306	832	0	10304	834	640	10305	834	1280	10329	1664	2	10329	1666	1282	10315	2	638	10312	834	1920
15502	2496	1940	10000	0	0	10303	832	660	10312	834	1300	10313	829	21	10329	1664	661	10327	0	660
15503	2496	1280	10327	0	0	10306	832	0	10329	1664	0	10307	832	640	10314	1664	640	10315	0	640
15504	2496	1303	10000	0	0	10313	829	21	10307	832	661	10329	1664	663	10327	0	661
15505	2496	1303	10000	0	0	10313	829	21	10307	832	661	10329	1664	663	10327	0	661
15506	2498	2579	10000	0	0	10304	832	658	10313	831	18	10305	834	1298	10307	833	1938	10314	1665	1937	10327	0	658	10327	1	1939	10329	1666	1300
15507	2498	1920	10324	0	0	10314	1666	639	10315	2	640	10318	832	0	10303	834	640	10326	834	1280
15508	1664	1920	10328	0	0	10316	0	640	10310	832	640	10317	832	1280	10327	0	1280
15509	1677	1924	10000	0	0	10317	843	642	10311	11	642	10316	13	1282	10328	843	2	10329	845	1284
15510	2504	1920	10000	0	0	10328	840	0	10303	840	640	10315	8	640	10314	1672	640	10323	840	1280
15511	768	576	10026	0	0
15512	768	576	10026	0	0
15513	768	576	10026	0	0
15514	768	576	10023	0	0
15515	768	576	10026	0	0
15516	768	576	10023	0	0
15517	768	576	10017	0	0
15518	768	576	10023	0	0
15521	2497	1920	10327	0	0	10318	832	0	10305	832	640	10317	831	1280	10315	0	1280	10304	1664	640	10323	1664	1280	10313	1665	0
15522	2496	1280	10327	0	0	10306	832	0	10314	1664	0	10326	832	640
15523	2496	1920	10328	0	0	10308	0	640	10306	832	640	10326	832	1280	10329	1664	639
15524	3328	1941	10000	0	0	10324	0	661	10306	832	661	10303	1664	661	10329	2496	660	10326	1664	1301	10326	831	1301	10313	1664	21
15525	768	576	10021	0	0
15526	768	576	10018	0	0
15527	768	576	10027	0	0
15528	384	576	10003	0	0
15529	768	384	10001	0	0
15541	3328	1941	10000	0	0	10306	832	661	10303	1664	661	10326	1664	1301	10326	831	1301	10313	1664	21	10311	0	661	10323	0	1301	10314	2496	661
15542	4162	4482	10328	0	0	10358	0	640	10341	0	1280	10341	0	1920	10348	2	2560	10343	834	2562	10358	832	1922	10328	832	1282	10359	836	3202	10326	836	3842	10357	1666	2562	10360	2498	2564	10329	3330	2566
15543	4996	3200	10327	0	0	10361	832	1	10342	1664	0	10350	2496	0	10341	2498	640	10343	2500	1280	10359	2500	1920	10360	3332	1281	10361	1668	1279	10329	4164	1281	10327	836	1279	10326	2500	2560
15544	4993	3204	10328	0	0	10358	0	640	10348	1	1280	10347	833	1282	10358	831	642	10328	832	2	10342	1665	1283	10346	2497	1284	10359	2499	1924	10326	2498	2564	10360	3329	1285	10329	4161	1285
15545	2496	1941	10000	0	0	10319	0	661	10312	0	1301	10303	832	661	10312	832	1301	10328	832	21	10310	1664	661	10323	1664	1301
15546	768	576	10027	0	0
15547	768	576	10018	0	0
15548	768	576	10008	0	0
15549	768	576	10007	0	0
15550	4160	2561	10313	0	0	10308	0	640	10361	832	640	10346	1664	641	10360	2496	641	10329	3328	641	10359	1666	1281	10312	1666	1921
15551	576	512	10010	0	0
15552	768	576	10024	0	0
15553	4161	1920	10315	0	0	10361	832	0	10346	1664	0	10359	1665	640	10326	1665	1280	10346	2496	0	10350	3328	0	10359	2497	640	10359	3329	640	10312	2497	1280	10312	3329	1280
15554	4164	1922	10315	0	0	10361	832	0	10350	1664	0	10347	1665	640	10351	834	640	10348	836	1280	10342	1668	1281	10360	2500	1282	10314	3332	1281	10360	2497	642	10309	3329	642	10328	3329	2
15555	768	576	10020	0	0
15561	1664	641	10327	0	0	10325	832	1
15562	768	576	10025	0	0
15563	2496	1941	10000	0	0	10327	0	661	10307	832	661	10313	833	21	10310	1664	661	10326	1664	1301
15564	768	576	10018	0	0
15565	832	1280	10313	0	0	10326	0	640
15566	2496	1303	10000	0	0	10313	829	21	10307	832	661	10329	1664	663	10327	0	661
15567	768	576	10026	0	0
15568	2496	1941	10000	0	0	10329	1664	661	10305	832	661	10312	832	1301	10313	833	21
15569	3328	1302	10000	0	0	10327	0	662	10321	832	662	10307	1664	662	10314	2496	662	10328	1664	22
15570	768	576	10019	0	0
15571	832	1280	10328	0	0	10312	0	640
15581	4161	3242	10000	0	0	10000	0	662	10389	0	1322	10375	0	1962	10395	0	2602	10372	832	1322	10376	1664	1322	10382	1664	1962	10384	832	1962	10387	2496	1322	10375	2496	682	10384	3328	682	10381	2497	42	10394	3329	42
15582	2496	3200	10392	0	0	10388	832	0	10377	832	640	10385	0	640	10380	1664	640	10371	1664	1280	10387	1664	1920	10373	832	1920	10385	0	1920	10383	832	1280	10386	832	2560	10394	1664	2560
15591	4992	3222	10000	0	0	10392	0	662	10391	832	662	10387	1664	662	10389	1664	22	10376	2496	22	10384	3328	22	10371	2496	662	10385	1664	1302	10377	2496	1302	10388	3328	1302	10390	3328	1942	10386	3328	2582	10384	4160	2582
15701	2496	1920	10641	0	0	10642	832	0	10624	1664	0	10648	0	640	10628	0	1280	10621	832	640	10646	832	1280	10625	1664	640	10645	1664	1280
15702	1664	1920	10622	0	0	10643	832	0	10648	0	640	10644	832	640	10647	0	1280	10626	832	1280
15703	832	640	50071	0	0
15704	960	768	50192	0	0
15705	832	640	50072	0	0
15706	1280	960	50143	0	0
15711	2496	1280	10031	0	0	10032	832	0	10033	1664	0	10036	0	640	10037	832	640	10038	1664	640
15801	832	640	10201	0	0
15802	1664	2560	10602	0	0	10604	832	0	10609	0	640	10605	832	640	10609	0	1280	10605	832	1280	10608	0	1920	10606	832	1920
15803	4161	2561	10324	0	0	10361	832	0	10350	1664	1	10345	1665	641	10359	1667	1281	10360	2497	641	10314	3329	641	10312	1666	1921
15804	832	640	50010	0	0
15805	3328	1280	10602	0	0	10603	832	0	10603	1664	0	10604	2496	0	10608	0	640	10607	832	640	10607	1664	640	10606	2496	640
15811	1664	1280	10602	0	0	10604	832	0	10608	0	640	10606	832	640
15812	3328	1280	10602	0	0	10608	0	640	10603	832	0	10607	832	640	10603	1664	0	10607	1664	640	10604	2496	0	10606	2496	640
15821	3328	1281	10622	0	0	10628	0	640	10623	832	0	10623	1664	1	10624	2496	0	10627	832	640	10627	1664	641	10626	2496	640
15822	1664	2560	10622	0	0	10624	832	0	10629	0	640	10629	0	1280	10628	0	1920	10625	832	640	10625	832	1280	10626	832	1920
15823	3328	1281	10622	0	0	10628	0	640	10623	832	0	10623	1664	1	10624	2496	0	10627	832	640	10627	1664	641	10626	2496	640
15824	3328	1281	10622	0	0	10628	0	640	10623	832	0	10623	1664	1	10624	2496	0	10627	832	640	10627	1664	641	10626	2496	640
15831	2496	1920	10622	0	0	10623	832	0	10624	1664	0	10629	0	640	10628	0	1280	10621	832	640	10625	1664	640	10627	832	1280	10626	1664	1280
15832	1664	1920	10622	0	0	10624	832	0	10629	0	640	10625	832	640	10628	0	1280	10626	832	1280
15841	4162	2560	10324	0	0	10361	832	0	10346	1664	0	10343	1666	640	10359	1668	1280	10360	2498	640	10312	1667	1920	10361	834	641	10315	2	641	10342	2496	0	10362	3328	0	10329	3330	640
15842	576	384	10009	0	0
15843	1664	2560	10622	0	0	10624	832	0	10629	0	640	10629	0	1280	10628	0	1920	10625	832	640	10625	832	1280	10626	832	1920
15844	3200	640	10205	0	0	10205	1600	0
15845	832	640	50072	0	0
15846	832	640	50072	0	0
15847	832	640	50011	0	0
15848	1664	1280	10622	0	0	10624	832	0	10628	0	640	10626	832	640
15851	2496	1280	10602	0	0	10603	832	0	10604	1664	0	10608	0	640	10607	832	640	10606	1664	640
15852	1664	1920	10602	0	0	10604	832	0	10609	0	640	10605	832	640	10608	0	1280	10606	832	1280
15853	2496	1280	10602	0	0	10608	0	640	10603	832	0	10604	1664	0	10607	832	640	10606	1664	640
15861	2496	1920	10622	0	0	10623	832	0	10624	1664	0	10629	0	640	10628	0	1280	10621	832	640	10625	1664	640	10627	832	1280	10626	1664	1280
15862	1664	1920	10622	0	0	10624	832	0	10629	0	640	10625	832	640	10626	832	1280	10647	0	1280
15863	960	768	50192	0	0
15871	1664	3840	10631	0	0	10633	832	0	10638	0	640	10638	0	1280	10638	0	1920	10638	0	2560	10637	0	3200	10634	832	640	10634	832	1280	10634	832	1920	10634	832	2560	10635	832	3200
15881	2496	1280	10641	0	0	10642	832	0	10643	1664	0	10647	0	640	10646	832	640	10645	1664	640
15891	1664	1280	10622	0	0	10628	0	640	10624	832	0	10626	832	640
15892	1600	832	10224	0	0
15893	1664	2560	10031	0	0	10033	832	0	10035	0	640	10035	0	1280	10036	0	1920	10034	832	640	10034	832	1280	10038	832	1920
15894	1664	1280	10622	0	0	10624	832	0	10628	0	640	10626	832	640
15895	960	768	50193	0	0
15896	896	640	10221	0	0
15901	1600	1600	10955	0	0
15902	1600	1600	10955	0	0
16000	2240	2560	16000	0	0
16001	1280	640	50141	0	0
16101	832	640	50069	0	0
16131	832	640	50069	0	0
16132	832	640	50070	0	0
16401	1600	1088	10414	0	0
16402	1664	1280	51016	0	0
16411	1088	640	10438	0	0
16412	1280	640	10426	0	0
16501	3328	2560	10328	0	0	10308	0	640	10303	832	640	10311	832	0	10329	1664	0	10306	1664	640	10305	832	1280	10323	832	1920	10307	1664	1280	10314	2496	1280	10314	2496	640
16502	576	512	10015	0	0
16503	768	576	10021	0	0
16504	3328	1920	10328	0	0	10305	0	640	10326	0	1280	10321	832	640	10306	1664	640	10307	1664	1280	10314	2496	1280	10315	832	1280	10329	2496	640
16505	384	576	10004	0	0
16506	4160	2580	10000	0	0	10327	0	661	10306	832	661	10314	1664	661	10316	832	1301	10306	1664	1300	10308	1664	1940	10329	2496	1940	10307	2496	1300	10329	3328	1300	10320	2496	660	10328	2496	20
16507	768	576	10005	0	0
16508	576	512	10010	0	0
16509	768	576	10024	0	0
16510	4160	2560	10319	0	0	10323	0	640	10321	832	0	10318	1664	0	10303	1664	640	10315	832	640	10314	2496	640	10316	1664	1280	10306	2496	1280	10326	2496	1920	10304	3328	1280	10326	3328	1920	10328	3328	640
16511	576	512	10016	0	0
16512	384	576	10003	0	0
16521	1664	1920	10723	0	0	10705	0	640	10722	0	1280	10725	832	640	10726	832	0	10726	832	1280
16522	832	640	10728	0	0
16523	2496	1920	10726	0	0	10724	0	640	10702	832	640	10726	832	0	10704	1662	640	10721	1664	0	10720	1662	1280	10726	0	1280	10726	832	1280
16524	832	640	10727	0	0
16525	3328	1280	10716	0	0	10722	0	640	10706	832	0	10706	1664	0	10725	2496	0	10720	832	640	10720	1664	640	10726	2496	640
16526	832	640	10728	0	0
16527	2496	1280	10718	0	0	10706	832	0	10719	1664	0	10709	832	640	10724	0	640	10726	1664	640
16531	2496	1303	10000	0	0	10329	1664	662	10307	832	663	10328	832	23	10324	0	663
16532	768	576	10027	0	0
16533	2506	1920	10000	0	0	10328	842	0	10303	842	640	10314	1674	641	10315	10	640	10326	842	1280
16534	768	576	10019	0	0
16535	3338	1280	10000	0	0	10313	842	0	10307	842	640	10327	10	640	10307	1674	640	10313	1674	0	10314	2506	640
16536	768	576	10026	0	0
16537	2496	1940	10000	0	0	10303	832	660	10312	834	1300	10313	829	21	10329	1664	661	10327	0	660
16538	768	576	10026	0	0
16539	2496	1280	10327	0	0	10306	832	0	10318	1664	0	10312	1664	640	10312	832	640
16551	1664	1280	10723	0	0	10713	0	640	10726	832	0	10719	832	640
16801	3328	1920	10622	0	0	10623	832	0	10623	1664	0	10624	2496	0	10629	0	640	10621	832	640	10621	1664	640	10625	2496	640	10628	0	1280	10627	832	1280	10627	1664	1280	10626	2496	1280
16802	1664	2560	10622	0	0	10624	832	0	10629	0	640	10629	0	1280	10628	0	1920	10625	832	640	10625	832	1280	10626	832	1920
16811	1664	1920	10622	0	0	10624	832	0	10629	0	640	10625	832	640	10628	0	1280	10626	832	1280
17000	2496	1920	17000	0	0
18000	3776	3200	18000	0	0
18001	1664	1280	50100	0	0
18002	1280	640	50080	0	0
18003	896	640	50058	0	0
18011	960	832	10501	0	0
18012	896	640	50051	0	0
18013	896	640	50057	0	0
18021	960	832	10504	0	0
18022	1280	896	50108	0	0
18031	1664	1280	50098	0	0
18041	1280	832	50094	0	0
18051	1280	960	50110	0	0
18061	1664	1280	50098	0	0
18071	1664	1280	50098	0	0
18081	1600	1152	50099	0	0
18101	832	640	50002	0	0
18102	800	600	50085	0	0
18103	800	600	50085	0	0
18104	832	640	50096	0	0
18105	800	600	50085	0	0
18106	832	640	50096	0	0
18107	832	640	50096	0	0
18108	832	640	50096	0	0
18109	800	600	50085	0	0
18110	832	640	50096	0	0
18111	800	600	50085	0	0
18112	832	640	50096	0	0
18113	832	640	50158	0	0
18114	832	640	50137	0	0
18115	832	640	50161	0	0
18116	832	640	50161	0	0
18117	832	640	50181	0	0
18118	832	640	50164	0	0
18131	832	640	50004	0	0
18132	800	600	50087	0	0
18133	832	640	50004	0	0
18134	800	600	50087	0	0
18135	832	640	50003	0	0
18136	800	600	50087	0	0
18137	800	600	50086	0	0
18138	832	640	50003	0	0
18139	800	600	50086	0	0
18140	800	600	50087	0	0
18141	800	600	50086	0	0
18142	800	600	50087	0	0
18143	800	600	50087	0	0
18144	832	640	50149	0	0
18171	832	640	50006	0	0
18172	832	640	50005	0	0
18173	832	640	50006	0	0
18174	800	600	50089	0	0
18175	832	640	50047	0	0
18176	832	640	50048	0	0
18177	832	640	50047	0	0
18178	832	640	50006	0	0
18179	800	600	50088	0	0
18180	800	600	50089	0	0
18181	832	640	50048	0	0
18182	800	600	50089	0	0
18183	832	640	50047	0	0
18184	832	640	50048	0	0
18185	800	600	50089	0	0
18186	832	640	50047	0	0
18187	832	640	50186	0	0
18188	832	640	50145	0	0
18189	832	640	50185	0	0
18201	832	640	50009	0	0
18202	832	640	50009	0	0
18203	832	640	50009	0	0
18221	832	640	50017	0	0
18222	832	640	50017	0	0
18241	832	640	50008	0	0
18242	832	640	50007	0	0
18243	832	640	50007	0	0
18261	832	640	50059	0	0
18262	832	640	50060	0	0
18301	960	704	50015	0	0
18302	832	640	50012	0	0
18303	832	640	50013	0	0
18304	1280	960	50144	0	0
18305	1280	704	50132	0	0
18401	1600	1216	10418	0	0
18402	1280	896	10419	0	0
18403	1664	1280	51014	0	0
18404	832	640	50095	0	0
18405	1536	1088	51015	0	0
18411	1280	896	51023	0	0
18421	832	640	10208	0	0
18422	1600	1216	10417	0	0
18423	3328	1920	10622	0	0	10623	832	0	10623	1664	0	10624	2496	0	10629	0	640	10621	832	640	10621	1664	640	10625	2496	640	10628	0	1280	10627	832	1280	10627	1664	1280	10626	2496	1280
18424	1664	1920	10622	0	0	10624	832	0	10629	0	640	10625	832	640	10628	0	1280	10645	832	1280
18432	832	640	10402	0	0
18433	3328	1281	10622	0	0	10628	0	640	10623	832	0	10623	1664	1	10624	2496	0	10627	832	640	10627	1664	641	10626	2496	640
18434	1664	1280	51016	0	0
18435	1600	640	10408	0	0
18436	1600	640	10407	0	0
18441	1600	640	10411	0	0
18442	1664	1920	10622	0	0	10624	832	0	10629	0	640	10625	832	640	10628	0	1280	10626	832	1280
18443	1664	1164	10421	0	0
18444	2496	1281	10622	0	0	10623	832	0	10624	1664	1	10628	0	640	10627	832	640	10626	1664	641
18451	1280	896	10419	0	0
18452	1600	1216	10418	0	0
18453	1664	2560	10622	0	0	10624	832	0	10629	0	640	10629	0	1280	10628	0	1920	10625	832	640	10625	832	1280	10626	832	1920
18454	832	960	10416	0	0
18455	3328	1281	10622	0	0	10628	0	640	10623	832	0	10623	1664	1	10624	2496	0	10627	832	640	10627	1664	641	10626	2496	640
18461	1088	640	10424	0	0
18462	1280	640	10426	0	0
18501	4162	1920	10324	0	0	10361	832	0	10346	1664	0	10346	2496	0	10350	3328	0	10359	1666	640	10359	2498	640	10359	3330	640	10312	1666	1280	10326	2498	1280	10312	3330	1280
18502	768	576	10021	0	0
18503	3328	3200	10327	0	0	10318	832	0	10358	831	640	10345	832	1280	10360	1664	1281	10314	2496	1281	10359	833	1920	10312	833	2560
18504	2496	3840	10351	0	0	10360	832	0	10329	1664	0	10345	0	640	10341	0	1280	10345	0	1920	10359	0	2560	10326	0	3200	10360	832	640	10314	1664	640	10360	832	1921	10314	1664	1921
18505	768	576	10018	0	0
18506	4163	2581	10000	0	0	10327	0	661	10361	832	661	10346	1664	661	10350	2496	661	10348	2498	1301	10349	3330	1301	10358	3329	661	10313	3329	21	10344	1666	1301	10348	1667	1941	10360	2499	1941	10325	3331	1941	10361	834	1301	10315	2	1301
18511	2502	2561	10754	0	0	10736	832	2	10750	836	642	10745	1664	2	10747	1668	642	10739	1670	1282	10736	838	1281	10750	842	1921	10741	6	1281	10752	10	1921
18512	832	640	10756	0	0
18513	3332	3201	10748	0	0	10748	4	641	10748	8	1281	10731	832	0	10742	836	641	10736	840	1281	10740	1664	1	10733	1668	641	10739	1672	1281	10755	2500	641	10734	844	1921	10754	12	1921	10752	848	2561
18514	832	640	10757	0	0
18515	3351	3842	10000	0	0	10753	843	2	10735	845	642	10740	1677	642	10734	848	1282	10746	16	1282	10735	1680	1282	10745	2512	1282	10747	19	1922	10750	850	1922	10750	1683	1922	10732	2516	1922	10738	23	2562	10731	855	2562	10736	1687	2562	10744	2519	2562	10752	1690	3202
18516	832	640	10757	0	0
18517	3328	1920	10753	0	0	10735	0	640	10743	0	1280	10742	832	640	10731	832	1280	10737	1664	640	10749	1664	1280	10751	1660	0	10755	2496	640
18518	832	640	10756	0	0
18519	4159	1942	10000	0	0	10754	0	662	10733	832	662	10749	1664	662	10738	833	1302	10746	827	22	10731	1659	22	10745	2491	22	10735	2495	662	10742	1665	1302	10739	2497	1302	10755	3327	662
18521	2496	1942	10000	0	0	10746	0	662	10752	0	1302	10733	832	662	10751	828	22	10750	836	1302	10744	1664	662	10753	1660	22
18522	832	640	10757	0	0
18523	3325	3862	10000	0	0	10751	0	662	10735	0	1302	10749	832	1302	10732	0	1942	10735	0	2582	10752	0	3222	10731	832	2582	10739	1664	2582	10735	1661	1942	10755	2493	1942	10747	1658	1302	10735	1655	662	10755	2487	662	10753	1651	22
18524	832	640	10756	0	0
18525	1667	1280	10754	0	0	10745	832	0	10750	835	640
18526	832	640	10756	0	0
18527	1664	1301	10000	0	0	10754	0	661	10739	832	661	10751	828	21
18528	832	640	10757	0	0
18529	1673	3200	10754	0	0	10740	832	0	10734	835	640	10748	3	640	10734	838	1280	10748	6	1279	10739	841	1920	10746	9	1920	10752	12	2560
18530	832	640	10756	0	0
18531	2500	1280	10748	0	0	10736	832	0	10755	1664	0	10749	1668	640	10743	836	640
18541	3328	2581	10000	0	0	10324	0	661	10304	832	661	10319	832	21	10306	1664	21	10312	1664	661	10329	2496	21	10307	832	1301	10315	0	1301	10306	1664	1301	10312	1664	1941	10329	2496	1301
18542	768	576	10021	0	0
18543	2496	1921	10315	0	0	10306	832	1	10314	1664	0	10303	832	641	10315	0	641	10314	1664	641	10326	832	1281
18544	3338	1280	10000	0	0	10313	842	0	10307	842	640	10327	10	640	10307	1674	640	10313	1674	0	10314	2506	640
18545	768	576	10023	0	0
18546	4170	1920	10000	0	0	10313	842	0	10303	842	640	10327	10	640	10312	842	1280	10306	1674	640	10312	1674	1280	10307	2506	640	10313	2506	0	10314	3338	640
18547	1664	2560	10328	0	0	10305	0	640	10305	0	1280	10312	0	1920	10314	832	640	10314	832	1280
18701	1664	1280	10622	0	0	10628	0	640	10624	832	0	10626	832	640
18702	1600	832	10224	0	0
18703	1664	2560	10031	0	0	10033	832	0	10035	0	640	10035	0	1280	10036	0	1920	10034	832	640	10034	832	1280	10038	832	1920
18704	1664	1280	10622	0	0	10624	832	0	10628	0	640	10626	832	640
18705	896	640	10221	0	0
18706	832	640	50010	0	0
18801	3328	1920	10622	0	0	10623	832	0	10623	1664	0	10624	2496	0	10629	0	640	10621	832	640	10621	1664	640	10625	2496	640	10628	0	1280	10627	832	1280	10627	1664	1280	10626	2496	1280
18802	832	640	50010	0	0
18803	4160	1280	10622	0	0	10623	832	0	10623	1664	0	10623	2496	0	10624	3328	0	10628	0	640	10627	832	640	10627	1664	640	10627	2496	640	10626	3328	640
18804	1664	2560	10622	0	0	10624	832	0	10629	0	640	10629	0	1280	10628	0	1920	10625	832	640	10625	832	1280	10626	832	1920
18805	896	640	10227	0	0
18806	832	640	10201	0	0
18807	2496	2560	10622	0	0	10623	832	0	10624	1664	0	10629	0	640	10621	832	640	10625	1664	640	10629	0	1280	10621	832	1280	10625	1664	1280	10628	0	1920	10627	832	1920	10626	1664	1920
18808	832	640	50071	0	0
18809	832	640	50071	0	0
18810	832	640	50010	0	0
18811	2496	3200	10602	0	0	10609	0	640	10609	0	1280	10609	0	1920	10608	0	2560	10603	832	0	10604	1664	0	10601	832	640	10601	832	1280	10601	832	1920	10607	832	2560	10605	1664	640	10605	1664	1280	10605	1664	1920	10606	1664	2560
18812	1664	1920	10602	0	0	10604	832	0	10609	0	640	10605	832	640	10608	0	1280	10606	832	1280
18814	1664	2560	10622	0	0	10624	832	0	10629	0	640	10629	0	1280	10628	0	1920	10625	832	640	10625	832	1280	10626	832	1920
18815	960	768	50192	0	0
18816	1664	2560	10622	0	0	10624	832	0	10629	0	640	10629	0	1280	10628	0	1920	10625	832	640	10625	832	1280	10626	832	1920
18817	832	640	50011	0	0
18818	1664	1280	10622	0	0	10624	832	0	10628	0	640	10626	832	640
18819	1408	640	10236	0	0
18820	896	640	10240	0	0
18821	3328	1920	10631	0	0	10632	832	0	10632	1664	0	10633	2496	0	10638	0	640	10637	0	1280	10639	832	640	10636	832	1280	10639	1664	640	10636	1664	1280	10634	2496	640	10635	2496	1280
18822	1664	1280	10631	0	0	10637	0	640	10633	832	0	10635	832	640
18823	1664	2560	10631	0	0	10633	832	0	10638	0	640	10638	0	1280	10637	0	1920	10634	832	640	10634	832	1280	10635	832	1920
18824	3328	1280	10631	0	0	10637	0	640	10632	832	0	10632	1664	0	10633	2496	0	10636	832	640	10636	1664	640	10635	2496	640
18826	2496	1920	10631	0	0	10632	832	0	10633	1664	0	10638	0	640	10639	832	640	10634	1664	640	10637	0	1280	10636	832	1280	10635	1664	1280
18827	832	640	50011	0	0
18828	1664	1920	10631	0	0	10633	832	0	10638	0	640	10634	832	640	10637	0	1280	10635	832	1280
18831	4160	1920	10622	0	0	10629	0	640	10628	0	1280	10623	832	0	10623	1664	0	10623	2496	0	10624	3328	0	10621	832	640	10621	1664	640	10621	2496	640	10625	3328	640	10627	832	1280	10627	1664	1280	10627	2496	1280	10626	3328	1280
18832	1664	1280	10622	0	0	10624	832	0	10628	0	640	10626	832	640
18836	832	640	51025	0	0
18837	1664	1920	10622	0	0	10624	832	0	10629	0	640	10625	832	640	10628	0	1280	10626	832	1280
18838	1664	1920	10622	0	0	10624	832	0	10629	0	640	10625	832	640	10628	0	1280	10626	832	1280
18841	3328	1920	10631	0	0	10632	832	0	10632	1664	0	10633	2496	0	10638	0	640	10637	0	1280	10639	832	640	10639	1664	640	10634	2496	640	10636	832	1280	10636	1664	1280	10635	2496	1280
18842	1664	1920	10631	0	0	10638	0	640	10637	0	1280	10633	832	0	10634	832	640	10635	832	1280
18843	2496	1280	10631	0	0	10637	0	640	10632	832	0	10636	832	640	10633	1664	0	10635	1664	640
18844	2496	1280	10631	0	0	10632	832	0	10633	1664	0	10637	0	640	10636	832	639	10635	1664	640
18846	1664	2560	10622	0	0	10624	832	0	10629	0	640	10629	0	1280	10628	0	1920	10625	832	640	10625	832	1280	10626	832	1920
18851	1280	832	51024	0	0
18856	2496	1281	10622	0	0	10623	832	0	10624	1664	1	10628	0	640	10627	832	640	10626	1664	641
18861	2496	1920	10631	0	0	10632	832	0	10633	1664	0	10638	0	640	10639	832	640	10634	1664	640	10637	0	1280	10636	832	1280	10635	1664	1280
18862	4160	1280	10631	0	0	10637	0	640	10632	832	0	10632	1664	0	10632	2496	0	10633	3328	0	10636	832	640	10636	1664	640	10636	2496	640	10635	3328	640
18863	832	640	50071	0	0
18864	2496	1280	10631	0	0	10637	0	640	10632	832	0	10636	832	640	10633	1664	0	10635	1664	640
18871	1664	1280	10602	0	0	10604	832	0	10608	0	640	10606	832	640
18881	2496	1280	10602	0	0	10608	0	640	10603	832	0	10607	832	640	10604	1664	0	10606	1664	640
18891	1664	1280	10602	0	0	10604	832	0	10608	0	640	10606	832	640
18892	2496	1280	10602	0	0	10608	0	640	10603	832	0	10604	1664	0	10607	832	640	10606	1664	640
18990	1344	960	50023	0	0
18991	2496	1280	10551	0	0	10623	832	0	10628	0	640	10627	832	640	10626	1664	640	10553	1664	0
18992	1664	1280	10622	0	0	10628	0	640	10624	832	0	10626	832	640
18993	896	640	50215	0	0
18994	1664	640	10324	0	0	10314	832	0
19000	2560	2816	19000	0	0
19001	1408	1280	50106	0	0
19002	1088	816	50107	0	0
19011	1280	960	50104	0	0
19021	1280	896	50109	0	0
19031	1600	1600	10955	0	0
19032	1280	640	50112	0	0
19033	1280	640	50113	0	0
19034	1280	640	50114	0	0
19035	2496	2560	10956	0	0
19036	2496	2560	10956	0	0
19101	800	600	50084	0	0
19131	832	640	50004	0	0
19132	800	600	50086	0	0
19133	832	640	50164	0	0
19171	832	640	50006	0	0
19172	800	600	50089	0	0
19173	640	480	50081	0	0
19174	832	640	50048	0	0
19175	832	640	50111	0	0
19176	832	640	50097	0	0
19177	832	640	50097	0	0
19178	832	640	50111	0	0
19179	832	640	50111	0	0
19201	832	640	50009	0	0
19221	832	640	50016	0	0
19241	832	640	50007	0	0
19242	832	640	50008	0	0
19261	832	640	50060	0	0
19262	832	640	50059	0	0
19263	832	640	50116	0	0
19301	832	640	50013	0	0
19302	1280	640	50115	0	0
19303	1280	640	50115	0	0
19401	1600	1088	51018	0	0
19411	1664	1280	51017	0	0
19412	1664	1216	51019	0	0
19413	1280	896	51021	0	0
19501	3338	3201	10000	0	0	10772	841	0	10763	842	640	10766	842	1280	10775	10	1279	10763	842	1920	10773	842	2560	10770	1674	2561	10767	1674	1921	10761	1674	1281	10767	1674	641	10771	1673	1	10774	2506	1921	10774	2506	642
19502	832	640	10783	0	0
19503	832	640	10783	0	0
19504	3328	1942	10000	0	0	10775	0	661	10765	832	662	10781	832	22	10778	832	1302	10769	1664	663	10776	1664	23	10779	2496	664
19505	832	640	10784	0	0
19506	1664	1280	10780	0	0	10771	832	0	10777	832	640
19507	3328	1944	10000	0	0	10775	0	662	10768	832	663	10778	832	1303	10765	1664	664	10781	1664	24	10779	2496	665	10777	1664	1304
19508	832	640	10784	0	0
19509	2506	1920	10000	0	0	10776	842	0	10778	842	1280	10780	10	640	10765	842	640	10774	1674	641
19511	2496	1280	10772	0	0	10768	832	0	10777	0	640	10774	1664	0	10778	832	640
19512	832	640	10784	0	0
19513	2496	3201	10776	0	0	10767	0	640	10761	0	1280	10773	0	1920	10762	832	1921	10779	832	641	10771	1664	1921	10777	1664	2561
19521	2496	2584	10000	0	0	10780	0	662	10765	832	663	10776	832	23	10779	1664	664	10773	832	1303	10771	1664	1304	10777	1664	1944
19522	832	640	10784	0	0
19523	3328	1920	10775	0	0	10764	832	0	10771	1664	0	10767	1664	640	10779	2496	641	10777	1664	1280
19524	832	640	10782	0	0
19525	832	1920	10781	0	0	10763	0	640	10777	0	1280
19526	4159	1964	10000	0	0	10000	0	662	10775	0	1321	10762	832	1322	10770	1664	1323	10772	1663	683	10765	2495	684	10777	2495	1324	10776	2495	44	10774	3327	685
19527	832	640	10784	0	0
19528	1664	1920	10780	0	0	10771	832	0	10766	832	640	10780	0	639	10777	832	1280
19529	832	640	10784	0	0
19530	2495	1944	10000	0	0	10772	0	662	10778	0	1302	10769	832	663	10776	832	23	10771	1663	664	10778	1663	1304
19531	3328	1920	10753	0	0	10743	0	640	10737	832	640	10751	828	0	10736	1664	640	10750	1668	1280	10749	2496	640
19532	832	640	10757	0	0
19533	2496	2582	10000	0	0	10748	0	662	10733	832	662	10749	1664	663	10732	836	1302	10752	840	1942	10741	828	22	10755	1660	22
19534	832	640	10756	0	0
19535	3328	2581	10000	0	0	10754	0	661	10731	832	661	10736	1664	661	10745	2493	21	10744	2496	661	10754	1661	21	10735	1664	1301	10752	1666	1941	10749	2496	1301
19541	2496	1940	10000	0	0	10303	832	660	10312	834	1300	10313	829	21	10327	0	660	10310	1664	660	10323	1664	1300
19542	768	576	10025	0	0
19543	2496	1921	10315	0	0	10306	832	1	10314	1664	0	10303	832	641	10315	0	641	10314	1664	641	10326	832	1281
19544	2498	1921	10314	0	0	10315	2	640	10303	834	641	10314	1666	641	10328	834	1	10307	834	1281	10314	1666	1281	10315	2	1281
19545	3328	1920	10327	0	0	10310	832	0	10305	832	640	10309	832	1280	10327	0	1280	10302	1664	640	10329	2496	640
19546	768	576	10021	0	0
19547	2496	1921	10315	0	0	10303	832	641	10315	0	641	10314	1664	641	10326	832	1281	10318	832	1
19548	2496	1920	10313	0	0	10305	0	640	10307	832	640	10313	832	0	10329	1664	640	10312	0	1280
19549	768	576	10023	0	0
19550	2496	1940	10000	0	0	10303	832	660	10312	834	1300	10313	829	21	10329	1664	661	10319	0	660	10312	0	1300
19551	2505	1920	10000	0	0	10328	841	0	10304	841	640	10315	9	640	10307	841	1280	10315	9	1280	10314	1673	1280
19801	2496	1920	10611	0	0	10618	832	0	10617	1664	0	10612	0	640	10619	832	640	10616	1664	640	10613	0	1280	10614	832	1280	10615	1664	1280
19802	1664	2560	10611	0	0	10617	832	0	10612	0	640	10612	0	1280	10613	0	1920	10616	832	640	10616	832	1280	10615	832	1920
19811	3328	2560	10611	0	0	10618	832	0	10618	1664	0	10617	2496	0	10612	0	640	10619	832	640	10619	1664	640	10616	2496	640	10612	0	1280	10619	832	1280	10619	1664	1280	10616	2496	1280	10613	0	1920	10614	832	1920	10614	1664	1920	10615	2496	1920
19812	1664	1920	10611	0	0	10612	0	640	10613	0	1280	10617	832	0	10616	832	640	10615	832	1280
19813	832	640	50071	0	0
19821	1664	2560	10611	0	0	10617	832	0	10612	0	640	10616	832	640	10612	0	1280	10616	832	1280	10613	0	1920	10615	832	1920
19822	3328	1280	10611	0	0	10618	832	0	10618	1664	0	10617	2496	0	10613	0	640	10614	832	640	10614	1664	640	10615	2496	640
19831	2496	2560	10611	0	0	10612	0	640	10612	0	1280	10613	0	1920	10618	832	0	10617	1664	0	10619	832	640	10619	832	1280	10614	832	1920	10616	1664	640	10616	1664	1280	10615	1664	1920
19832	2496	1280	10611	0	0	10618	832	0	10617	1664	0	10613	0	640	10614	832	640	10615	1664	640
19851	3328	1280	10611	0	0	10613	0	640	10618	832	0	10618	1664	0	10617	2496	0	10614	832	640	10614	1664	640	10615	2496	640
19852	2496	1280	10611	0	0	10613	0	640	10618	832	0	10617	1664	0	10614	832	640	10615	1664	640
19861	1664	1280	10611	0	0	10613	0	640	10617	832	0	10615	832	640
20000	1600	2944	20000	0	0
20001	960	832	10502	0	0
20002	896	640	50053	0	0
20003	1280	640	50074	0	0
20011	960	832	10501	0	0
20012	896	640	50051	0	0
20021	1920	640	50135	0	0
20031	1280	896	50131	0	0
20101	832	640	50001	0	0
20102	832	640	50002	0	0
20131	832	640	50003	0	0
20132	800	600	50087	0	0
20133	832	640	50004	0	0
20171	832	640	50006	0	0
20172	832	640	50047	0	0
20173	832	640	50129	0	0
20174	832	640	50111	0	0
20175	832	640	50111	0	0
20176	832	640	50111	0	0
20177	832	640	50097	0	0
20178	832	640	50097	0	0
20201	832	640	50009	0	0
20221	832	640	50017	0	0
20241	832	640	50007	0	0
20242	832	640	50008	0	0
20261	832	640	50059	0	0
20281	1280	640	50045	0	0
20301	832	640	50012	0	0
20302	832	640	50012	0	0
20401	1280	896	51031	0	0
20402	1600	640	50043	0	0
20403	1280	896	51031	0	0
20404	1600	640	50044	0	0
20411	1600	1216	10417	0	0
20412	1280	896	10420	0	0
20413	832	640	10409	0	0
20414	832	640	50127	0	0
20501	3328	2560	10302	0	0	10318	832	0	10307	832	640	10315	0	640	10304	1664	640	10304	1664	1280	10312	1664	1920	10327	832	1280	10311	1664	0	10325	2496	0
20502	2504	2560	10000	0	0	10301	840	0	10303	840	640	10314	1672	640	10315	8	640	10305	840	1280	10302	1672	1280	10326	840	1920
20503	3328	2580	10000	0	0	10324	0	660	10303	832	660	10312	831	1300	10328	832	20	10306	1664	660	10312	1664	1300	10310	2496	660	10320	2496	1300	10301	2495	1940
20504	768	576	10019	0	0
20505	832	1280	10328	0	0	10312	0	640
20506	768	576	10017	0	0
20507	2496	1920	10315	0	0	10310	832	0	10305	832	640	10316	832	1280	10314	1664	1280	10329	1664	640
20508	768	576	10019	0	0
20509	2496	1940	10000	0	0	10327	0	660	10321	832	660	10304	1664	660	10313	1664	20	10312	1664	1300
20511	2504	3200	10000	0	0	10319	840	0	10305	840	640	10303	840	1280	10324	8	1281	10305	840	1920	10316	840	2560	10302	1672	2560	10314	1672	1920	10314	1672	1280	10314	1672	640	10302	1672	0
20512	3328	1942	10000	0	0	10303	832	662	10313	832	22	10312	832	1302	10303	1664	662	10312	1664	1302	10313	1664	22	10302	0	662	10302	2496	662
20513	3328	1942	10000	0	0	10303	832	662	10313	832	22	10312	832	1302	10303	1664	662	10312	1664	1302	10313	1664	22	10302	0	662	10302	2496	662
20514	4160	1942	10000	0	0	10303	832	662	10313	832	22	10312	832	1302	10303	1664	662	10312	1664	1302	10313	1664	22	10302	0	662	10304	2496	662	10311	2496	22	10308	2496	1302	10314	3328	22	10314	3328	1302
20515	4160	1942	10000	0	0	10303	832	662	10313	832	22	10312	832	1302	10303	1664	662	10312	1664	1302	10313	1664	22	10302	0	662	10304	2496	662	10311	2496	22	10308	2496	1302	10314	3328	22	10314	3328	1302
20521	2496	1920	10327	0	0	10310	832	0	10308	832	640	10310	1664	640	10323	1664	1280
20522	768	576	10021	0	0
20523	4168	1920	10000	0	0	10328	840	0	10307	840	640	10315	8	640	10306	1672	640	10326	1672	1280	10307	2504	640	10314	3336	641	10328	2504	0
20524	768	576	10022	0	0
20525	2496	1280	10327	0	0	10306	832	0	10318	1664	0	10312	1664	640	10312	832	640
20526	1664	1280	10319	0	0	10314	832	0	10326	0	640
20527	768	576	10024	0	0
20528	2496	1280	10313	0	0	10316	0	640	10307	832	640	10313	832	0	10329	1664	640
20529	832	1280	10313	0	0	10326	0	640
20530	2496	1940	10000	0	0	10319	0	660	10323	0	1300	10317	832	660	10311	832	20	10329	1664	20
20541	4164	2560	10748	0	0	10736	832	0	10731	1664	0	10736	2496	0	10749	3328	0	10734	836	640	10754	4	640	10738	841	1280	10733	1673	1280	10751	1669	640	10752	1678	1920	10744	2505	1280	10735	2500	640	10755	3332	640
20542	832	640	10794	0	0
20543	4169	2560	10749	0	0	10734	836	640	10752	1678	1920	10746	832	0	10748	4	639	10735	841	1280	10750	845	1920	10736	1673	1280	10737	2505	1280	10749	3337	1280	10734	2500	640	10748	1668	640	10742	1664	0	10736	2496	0	10749	3328	0
20544	832	640	10791	0	0
20545	4168	2560	10748	0	0	10736	832	0	10752	1677	1920	10735	2500	640	10736	1664	0	10750	1668	640	10745	2496	0	10749	3332	640	10737	2504	1280	10736	1672	1280	10747	836	640	10737	840	1280	10748	8	1280	10749	3336	1280
20801	4160	2560	10602	0	0	10603	832	0	10603	1664	0	10603	2496	0	10604	3328	0	10609	0	640	10601	832	640	10601	1664	640	10601	2496	640	10605	3328	640	10609	0	1280	10601	832	1280	10601	1664	1280	10601	2496	1280	10605	3328	1280	10608	0	1920	10607	832	1920	10607	1664	1920	10607	2496	1920	10606	3328	1920
20802	3328	1280	10602	0	0	10608	0	640	10603	832	0	10607	832	640	10603	1664	0	10607	1664	640	10604	2496	0	10606	2496	640
20811	1664	2560	10602	0	0	10604	832	0	10609	0	640	10609	0	1280	10608	0	1920	10605	832	640	10605	832	1280	10606	832	1920
20812	2496	1920	10602	0	0	10603	832	0	10604	1664	0	10609	0	640	10601	832	640	10605	1664	640	10608	0	1280	10607	832	1280	10606	1664	1280
20821	3328	1280	10602	0	0	10603	832	0	10603	1664	0	10604	2496	0	10608	0	640	10607	832	640	10607	1664	640	10606	2496	640
20822	2496	2560	10602	0	0	10603	832	0	10604	1664	0	10609	0	640	10601	832	640	10605	1664	640	10609	0	1280	10601	832	1280	10605	1664	1280	10608	0	1920	10607	832	1920	10606	1664	1920
20831	4160	1280	10641	0	0	10647	0	640	10642	832	0	10646	832	640	10642	1664	0	10646	1664	640	10642	2496	0	10646	2496	640	10643	3328	0	10645	3328	640
20841	4160	1280	10602	0	0	10603	832	0	10603	1664	0	10603	2496	0	10604	3328	0	10608	0	640	10607	832	640	10607	1664	640	10607	2496	640	10606	3328	640
20842	3328	1280	10602	0	0	10603	832	0	10603	1664	0	10604	2496	0	10608	0	640	10607	832	640	10607	1664	640	10606	2496	640
20843	2496	1280	10602	0	0	10603	832	0	10604	1664	0	10608	0	640	10607	832	640	10606	1664	640
20851	1664	2560	10602	0	0	10604	832	0	10609	0	640	10609	0	1280	10608	0	1920	10605	832	640	10605	832	1280	10606	832	1920
20852	2496	1302	10000	0	0	10324	0	662	10307	832	661	10311	831	21	10314	1664	661	10325	1663	21
20853	3328	1280	10602	0	0	10603	832	0	10603	1664	0	10604	2496	0	10608	0	640	10607	832	640	10607	1664	640	10606	2496	640
20854	1664	1920	10602	0	0	10609	0	640	10608	0	1280	10604	832	0	10605	832	640	10606	832	1280
20861	3328	2560	10641	0	0	10642	832	0	10642	1664	0	10643	2496	0	10648	0	640	10621	832	640	10621	1664	640	10644	2496	640	10648	0	1280	10621	832	1280	10621	1664	1280	10644	2496	1280	10647	0	1920	10646	832	1920	10646	1664	1920	10645	2496	1920
20862	2496	1280	10641	0	0	10642	832	0	10643	1664	0	10647	0	640	10646	832	640	10645	1664	640
20871	1664	1280	10622	0	0	10624	832	0	10628	0	640	10626	832	640
21000	2624	1664	21000	0	0
21001	960	832	10502	0	0
21002	1984	1536	50101	0	0
21003	1280	640	50079	0	0
21004	1280	640	50064	0	0
21011	960	832	10504	0	0
21012	1280	1024	50031	0	0
21013	1280	640	50034	0	0
21014	1344	960	50076	0	0
21015	1408	960	50197	0	0
21016	832	640	51025	0	0
21021	1728	1024	50061	0	0
21031	1280	960	50124	0	0
21041	1280	960	51020	0	0
21042	1280	960	50105	0	0
21043	832	640	50128	0	0
21051	1408	1088	50133	0	0
21061	1664	1280	10641	0	0	10643	832	0	10647	0	640	10645	832	640
21101	832	640	50001	0	0
21102	800	600	50084	0	0
21103	800	600	50084	0	0
21104	832	640	50002	0	0
21105	832	640	50002	0	0
21106	832	640	50182	0	0
21107	832	640	50181	0	0
21108	832	640	50164	0	0
21131	832	640	50003	0	0
21132	832	640	50003	0	0
21133	800	600	50086	0	0
21134	832	640	50096	0	0
21135	832	640	50129	0	0
21136	832	640	50150	0	0
21137	832	640	50149	0	0
21138	832	640	50137	0	0
21171	832	640	50005	0	0
21172	832	640	50047	0	0
21173	832	640	50006	0	0
21174	832	640	50005	0	0
21175	832	640	50067	0	0
21176	832	640	50186	0	0
21177	832	640	50185	0	0
21201	832	640	50009	0	0
21221	832	640	50016	0	0
21222	832	640	50017	0	0
21241	832	640	50008	0	0
21242	832	640	50007	0	0
21261	832	640	50059	0	0
21262	832	640	50060	0	0
21281	1280	640	50045	0	0
21282	1280	640	50045	0	0
21301	1280	704	50130	0	0
21302	832	640	50013	0	0
21303	832	640	50013	0	0
21304	832	640	50176	0	0
21401	1280	896	51027	0	0
21411	2400	1216	51029	0	0
21421	1280	960	10212	0	0
21422	832	640	50010	0	0
21423	832	640	50071	0	0
21431	832	640	10401	0	0
21432	1600	640	10407	0	0
21433	960	960	51026	0	0
21434	832	640	50164	0	0
21441	1664	1164	10421	0	0
21442	1280	896	10419	0	0
21451	960	640	51077	0	0
21452	1600	1152	51009	0	0
21501	2498	1920	10754	0	0	10740	832	0	10735	834	640	10752	838	1280	10749	1666	640
21502	832	640	10796	0	0
21503	2496	1942	10000	0	0	10748	0	662	10733	832	662	10749	1664	662	10753	828	22	10752	836	1302
21504	832	640	10795	0	0
21505	1664	1280	10746	0	0	10752	0	640	10755	832	0
21506	3328	1942	10000	0	0	10754	0	662	10742	832	662	10733	1664	662	10751	1660	22	10750	1668	1302	10755	2496	662
21507	832	640	10797	0	0
21508	1668	1280	10754	0	0	10740	832	0	10750	836	640
21509	832	1280	10753	0	0	10750	0	640
21510	2500	1280	10754	0	0	10736	832	0	10743	836	640	10755	1668	640	10749	1664	0
21511	832	640	10756	0	0
21512	3328	1302	10000	0	0	10754	0	662	10737	832	662	10751	828	22	10737	1664	662	10751	1659	22	10749	2496	662
21521	3331	1280	10754	0	0	10731	832	0	10736	1664	0	10745	2496	0	10750	1668	640	10752	2499	640
21522	832	640	10797	0	0
21523	2505	3200	10754	0	0	10745	832	0	10734	837	640	10754	5	640	10735	841	1280	10747	845	1920	10739	849	2560	10754	17	2560	10755	1673	1280
21524	832	640	10794	0	0
21525	1668	1920	10753	0	0	10738	0	640	10734	832	640	10751	828	0	10752	836	1280
21526	832	640	10792	0	0
21527	3340	2560	10000	0	0	10748	840	0	10745	1672	0	10735	1676	640	10755	2508	640	10744	1679	1280	10736	847	1280	10748	15	1280	10750	851	1920
21528	832	640	10756	0	0
21529	3334	1920	10748	0	0	10736	832	0	10740	1664	0	10734	834	640	10754	2	640	10743	838	1280	10735	1666	640	10737	1670	1280	10749	2502	1280	10755	2498	640
21530	832	640	10796	0	0
21531	1671	1920	10748	0	0	10745	832	0	10732	835	640	10752	839	1280
21532	1673	1280	10000	0	0	10753	840	0	10744	841	640	10748	9	640
21533	832	640	10793	0	0
21534	2512	2560	10000	0	0	10753	840	0	10734	844	640	10754	12	640	10735	848	1280	10750	852	1920	10749	1680	1280
21535	832	640	10793	0	0
21536	832	1280	10753	0	0	10750	0	640
21537	1677	1920	10000	0	0	10753	840	0	10739	845	640	10741	13	640	10752	17	1280
21541	2496	1940	10000	0	0	10303	832	660	10328	831	21	10326	833	1300	10324	0	660	10329	1664	661
21542	768	576	10020	0	0
21543	2496	1940	10000	0	0	10303	832	660	10312	834	1300	10313	829	21	10329	1664	661	10327	0	660
21544	768	576	10026	0	0
21545	3328	1942	10000	0	0	10315	0	662	10303	832	662	10313	832	22	10312	832	1302	10303	1664	662	10312	1664	1302	10313	1664	22	10329	2496	662
21546	768	576	10026	0	0
21547	2498	1280	10306	0	0	10307	834	640	10314	1666	639	10315	2	640	10327	0	0	10329	1664	1	10306	832	2
21548	768	576	10020	0	0
21549	1664	2560	10328	0	0	10305	0	640	10305	0	1280	10312	0	1920	10314	832	640	10314	832	1280
21550	768	576	10027	0	0
21551	2506	1920	10000	0	0	10328	842	0	10303	842	640	10314	1674	641	10315	10	640	10326	842	1280
21552	768	576	10017	0	0
21553	2496	1920	10313	0	0	10305	0	640	10307	832	640	10313	832	0	10329	1664	640	10312	0	1280
21701	1600	832	10223	0	0
21702	3328	1280	10641	0	0	10647	0	640	10642	832	0	10646	832	640	10642	1664	0	10646	1664	640	10643	2496	0	10645	2496	640
21703	832	640	50067	0	0
21704	832	640	50011	0	0
21705	1024	640	10225	0	0
21706	1664	1920	10641	0	0	10643	832	0	10648	0	640	10647	0	1280	10644	832	640	10645	832	1280
21707	1280	640	50115	0	0
21708	832	640	50071	0	0
21709	896	640	10228	0	0
21710	1280	960	10214	0	0
21711	832	640	10222	0	0
21712	832	640	50169	0	0
21713	1664	1920	10641	0	0	10643	832	0	10648	0	640	10644	832	640	10647	0	1280	10645	832	1280
21714	832	640	50127	0	0
21715	896	640	10227	0	0
21716	1280	960	10229	0	0
21717	1280	960	50143	0	0
21718	832	640	50010	0	0
21719	832	640	50011	0	0
21720	832	640	50072	0	0
21721	832	640	50071	0	0
21722	2496	1280	10641	0	0	10642	832	0	10643	1664	0	10647	0	640	10646	832	640	10645	1664	640
21723	832	640	50010	0	0
21724	1600	640	10427	0	0
21725	960	960	51012	0	0
21726	832	640	50136	0	0
21727	1600	1152	10213	0	0
21731	1600	832	10224	0	0
21732	2496	1920	10641	0	0	10642	832	0	10643	1664	0	10648	0	640	10621	832	640	10644	1664	640	10647	0	1280	10646	832	1280	10645	1664	1280
21733	832	640	50011	0	0
21734	832	640	50010	0	0
21735	1280	640	50134	0	0
21736	1280	640	50115	0	0
21737	4160	1280	10641	0	0	10642	832	0	10642	1664	0	10642	2496	0	10643	3328	0	10647	0	640	10646	832	640	10646	1664	640	10646	2496	640	10645	3328	640
21738	832	640	50013	0	0
21739	832	640	50011	0	0
21740	1280	640	50134	0	0
21741	1280	640	50115	0	0
21742	896	640	10228	0	0
21743	896	640	10227	0	0
21744	1664	1920	10641	0	0	10643	832	0	10648	0	640	10647	0	1280	10644	832	640	10645	832	1280
21745	832	640	50011	0	0
21746	832	640	50072	0	0
21747	1664	1280	10641	0	0	10643	832	0	10647	0	640	10645	832	640
21748	832	640	50069	0	0
21749	1024	640	10218	0	0
21750	4160	1280	10641	0	0	10642	832	0	10642	1664	0	10642	2496	0	10643	3328	0	10647	0	640	10646	832	640	10646	1664	640	10646	2496	640	10645	3328	640
21751	832	640	50071	0	0
21752	1280	640	50115	0	0
21753	832	640	50067	0	0
21754	832	640	50010	0	0
21755	832	640	50136	0	0
21756	896	640	10226	0	0
21757	1664	1280	10641	0	0	10643	832	0	10647	0	640	10645	832	640
21758	1280	960	10230	0	0
21759	1280	704	50130	0	0
21760	2496	1920	17000	0	0
21761	1024	640	10215	0	0
21762	832	640	50181	0	0
21763	2496	1920	58000	0	0
21771	896	640	10219	0	0
21801	1664	3840	10622	0	0	10624	832	0	10629	0	640	10625	832	640	10629	0	1280	10625	832	1280	10629	0	1920	10625	832	1920	10629	0	2560	10625	832	2560	10628	0	3200	10626	832	3200
21802	3328	1281	10622	0	0	10628	0	640	10623	832	0	10623	1664	1	10624	2496	0	10627	832	640	10627	1664	641	10626	2496	640
21803	1664	2560	10622	0	0	10624	832	0	10629	0	640	10629	0	1280	10628	0	1920	10625	832	640	10625	832	1280	10626	832	1920
21804	1664	2560	10622	0	0	10624	832	0	10629	0	640	10629	0	1280	10628	0	1920	10625	832	640	10625	832	1280	10626	832	1920
21806	2496	1920	10622	0	0	10623	832	0	10624	1664	0	10629	0	640	10628	0	1280	10621	832	640	10625	1664	640	10627	832	1280	10626	1664	1280
21807	832	640	50127	0	0
21808	1664	1920	10622	0	0	10624	832	0	10629	0	640	10625	832	640	10628	0	1280	10626	832	1280
21809	3328	1280	10622	0	0	10623	832	0	10623	1664	0	10624	2496	0	10628	0	640	10627	832	640	10627	1664	640	10626	2496	640
21811	1664	1280	10602	0	0	10604	832	0	10608	0	640	10606	832	640
21812	3328	2560	10602	0	0	10603	832	0	10603	1664	0	10604	2496	0	10609	0	640	10609	0	1280	10608	0	1920	10601	832	640	10601	1664	640	10605	2496	640	10601	832	1280	10601	1664	1280	10605	2496	1280	10607	832	1920	10607	1664	1920	10606	2496	1920
21813	832	640	50010	0	0
21814	4160	1280	10602	0	0	10603	832	0	10603	1664	0	10603	2496	0	10604	3328	0	10608	0	640	10607	832	640	10607	1664	640	10607	2496	640	10606	3328	640
21815	832	640	50011	0	0
21816	2496	1280	10641	0	0	10642	832	0	10643	1664	0	10647	0	640	10646	832	640	10645	1664	640
21817	3328	1280	10641	0	0	10642	832	0	10642	1664	0	10643	2496	0	10647	0	640	10646	832	640	10646	1664	640	10645	2496	640
21818	832	640	10102	0	0
21819	1280	960	51110	0	0
21820	3328	1920	10602	0	0	10609	0	640	10608	0	1280	10603	832	0	10603	1664	0	10604	2496	0	10601	832	640	10601	1664	640	10605	2496	640	10607	832	1280	10607	1664	1280	10606	2496	1280
21821	1664	1280	10602	0	0	10604	832	0	10608	0	640	10606	832	640
21822	2496	1920	10324	0	0	10306	832	0	10314	1664	0	10304	832	640	10323	832	1280	10315	0	641
21823	4160	1280	10602	0	0	10603	832	0	10603	1664	0	10603	2496	0	10604	3328	0	10608	0	640	10607	832	640	10607	1664	640	10607	2496	640	10606	3328	640
21824	832	640	50011	0	0
21825	960	768	50192	0	0
21826	2496	1280	10641	0	0	10642	832	0	10643	1664	0	10647	0	640	10646	832	640	10645	1664	640
21827	832	640	50011	0	0
21831	2496	1920	10641	0	0	10642	832	0	10643	1664	0	10648	0	640	10621	832	640	10644	1664	640	10647	0	1280	10646	832	1280	10645	1664	1280
21832	2496	1281	10641	0	0	10642	832	1	10643	1664	0	10647	0	640	10646	832	641	10645	1664	640
21833	4992	1280	10641	0	0	10642	832	0	10642	1664	0	10642	2496	0	10642	3328	0	10643	4160	0	10647	0	640	10646	832	640	10646	1664	640	10646	2496	640	10646	3328	640	10645	4160	640
21834	2496	1920	10641	0	0	10642	832	0	10643	1664	0	10648	0	640	10621	832	640	10644	1664	640	10647	0	1280	10646	832	1280	10645	1664	1280
21836	1664	2560	10622	0	0	10624	832	0	10629	0	640	10629	0	1280	10628	0	1920	10625	832	640	10625	832	1280	10626	832	1920
21837	2496	1920	10622	0	0	10623	832	0	10624	1664	0	10629	0	640	10628	0	1280	10621	832	640	10625	1664	640	10627	832	1280	10626	1664	1280
21841	3328	1920	10631	0	0	10632	832	0	10632	1664	0	10633	2496	0	10638	0	640	10637	0	1280	10639	832	640	10639	1664	640	10634	2496	640	10636	832	1280	10636	1664	1280	10635	2496	1280
21842	832	640	50010	0	0
21843	1280	640	50115	0	0
21844	1664	1920	10631	0	0	10638	0	640	10637	0	1280	10633	832	0	10634	832	640	10635	832	1280
21846	832	640	10101	0	0
21847	3328	1280	10641	0	0	10642	832	0	10623	1664	0	10643	2496	0	10628	0	640	10646	832	640	10627	1664	640	10645	2496	640
21848	3328	1281	10622	0	0	10628	0	640	10623	832	0	10623	1664	1	10624	2496	0	10627	832	640	10627	1664	641	10626	2496	640
21851	1664	1920	10622	0	0	10624	832	0	10629	0	640	10625	832	640	10628	0	1280	10626	832	1280
21852	3328	2560	10622	0	0	10623	832	0	10623	1664	0	10624	2496	0	10629	0	640	10629	0	1280	10628	0	1920	10621	832	640	10621	832	1280	10627	832	1920	10621	1664	640	10621	1664	1280	10627	1664	1920	10625	2496	640	10625	2496	1280	10626	2496	1920
21853	1280	640	50134	0	0
21854	1280	640	50115	0	0
21855	3328	1920	10622	0	0	10623	832	0	10623	1664	0	10624	2496	0	10629	0	640	10621	832	640	10621	1664	640	10625	2496	640	10628	0	1280	10627	832	1280	10627	1664	1280	10626	2496	1280
21856	832	640	50011	0	0
21857	960	704	50015	0	0
21861	4992	1280	10622	0	0	10623	832	0	10623	1664	0	10623	2496	0	10623	3328	0	10628	0	640	10627	832	640	10627	1664	640	10627	2496	640	10627	3328	640	10624	4160	0	10626	4160	640
21862	3328	1281	10622	0	0	10628	0	640	10623	832	0	10623	1664	1	10624	2496	0	10627	832	640	10627	1664	641	10626	2496	640
21863	2496	1281	10622	0	0	10623	832	0	10624	1664	1	10628	0	640	10627	832	640	10626	1664	641
21864	4160	1280	10622	0	0	10623	832	0	10623	1664	0	10623	2496	0	10624	3328	0	10628	0	640	10627	832	640	10627	1664	640	10627	2496	640	10626	3328	640
21871	1664	1920	10641	0	0	10643	832	0	10648	0	640	10644	832	640	10647	0	1280	10645	832	1280
21872	2496	2560	10641	0	0	10642	832	0	10643	1664	0	10648	0	640	10648	0	1280	10647	0	1920	10621	832	640	10621	832	1280	10646	832	1920	10644	1664	640	10644	1664	1280	10645	1664	1920
21873	832	640	50011	0	0
21874	3328	1920	10641	0	0	10642	832	0	10642	1664	0	10643	2496	0	10648	0	640	10621	832	640	10621	1664	640	10644	2496	640	10647	0	1280	10646	832	1280	10646	1664	1280	10645	2496	1280
21875	832	640	50010	0	0
21876	4160	1280	10641	0	0	10642	832	0	10642	1664	0	10642	2496	0	10643	3328	0	10647	0	640	10646	832	640	10646	1664	640	10646	2496	640	10645	3328	640
21877	960	768	50192	0	0
21881	1664	2560	10622	0	0	10624	832	0	10629	0	640	10629	0	1280	10628	0	1920	10625	832	640	10625	832	1280	10626	832	1920
21882	2496	2560	10622	0	0	10623	832	0	10624	1664	0	10629	0	640	10621	832	640	10625	1664	640	10629	0	1280	10621	832	1280	10625	1664	1280	10628	0	1920	10627	832	1920	10626	1664	1920
21883	832	640	50011	0	0
21884	1664	1280	10622	0	0	10624	832	0	10628	0	640	10626	832	640
21885	2496	1281	10622	0	0	10623	832	0	10624	1664	1	10627	832	640	10626	1664	641	10647	0	640
21891	2496	2560	10602	0	0	10603	832	0	10604	1664	0	10609	0	640	10609	0	1280	10608	0	1920	10601	832	640	10601	832	1280	10607	832	1920	10605	1664	640	10605	1664	1280	10606	1664	1920
21892	1664	2560	10602	0	0	10604	832	0	10609	0	640	10609	0	1280	10608	0	1920	10605	832	640	10605	832	1280	10606	832	1920
21896	1664	1280	10622	0	0	10624	832	0	10628	0	640	10626	832	640
21901	2496	1920	10622	0	0	10693	832	0	10700	832	640	10691	0	640	10647	0	1280	10624	1664	0	10625	1663	640	10646	832	1280	10645	1664	1280
21902	1664	1280	10622	0	0	10624	832	0	10626	832	640	10628	0	640
21903	832	640	50010	0	0
22000	2240	2688	22000	0	0
23000	2496	3072	23000	0	0
23001	896	896	10505	0	0
23002	1280	896	50152	0	0
23003	1280	896	50156	0	0
23011	896	896	10506	0	0
23012	1280	896	50153	0	0
23021	1280	640	50162	0	0
23031	1600	1152	50099	0	0
23041	1728	1024	50062	0	0
23051	1280	960	50163	0	0
23101	832	640	50148	0	0
23102	832	640	50096	0	0
23103	832	640	50164	0	0
23104	832	640	50147	0	0
23105	832	640	50169	0	0
23106	800	600	50084	0	0
23107	832	640	50161	0	0
23131	832	640	50150	0	0
23132	832	640	50129	0	0
23133	832	640	50164	0	0
23134	800	600	50087	0	0
23135	832	640	50149	0	0
23136	800	600	50087	0	0
23171	832	640	50145	0	0
23172	832	640	50137	0	0
23173	800	600	50088	0	0
23174	832	640	50116	0	0
23175	832	640	50066	0	0
23176	832	640	50067	0	0
23177	832	640	50067	0	0
23178	832	640	50146	0	0
23179	832	640	50150	0	0
23180	800	600	50089	0	0
23201	832	640	50009	0	0
23221	832	640	50016	0	0
23241	832	640	50007	0	0
23242	832	640	50008	0	0
23261	832	640	50060	0	0
23262	832	640	50060	0	0
23281	1280	640	50045	0	0
23301	832	640	50012	0	0
23302	832	640	50012	0	0
23401	1280	640	10428	0	0
23402	1664	1280	10641	0	0	10643	832	0	10647	0	640	10645	832	640
23403	896	640	51032	0	0
23411	2496	1280	10641	0	0	10642	832	0	10643	1664	0	10647	0	640	10646	832	640	10645	1664	640
23421	1600	1216	10417	0	0
23422	2496	1281	10622	0	0	10623	832	0	10624	1664	1	10628	0	640	10627	832	640	10626	1664	641
23423	832	960	10415	0	0
23424	896	768	51033	0	0
23431	1344	960	51035	0	0
23501	3328	1920	10000	0	0	10389	0	640	10383	832	0	10377	832	640	10395	0	1280	10377	1664	640	10381	1664	0	10394	2496	0	10384	2496	640
23502	832	640	10396	0	0
23503	3328	1280	10385	0	0	10376	832	0	10382	832	640	10376	1664	0	10394	2496	0	10395	1664	640
23504	832	640	10399	0	0
23505	832	1280	10383	0	0	10395	0	640
23506	2496	1920	10392	0	0	10376	832	0	10384	1664	0	10375	832	640	10382	832	1280	10394	1664	640
23511	3333	2560	10754	0	0	10731	832	0	10740	1664	0	10735	1669	640	10755	2501	640	10739	1672	1280	10746	840	1280	10750	845	1920
23512	832	640	10796	0	0
23513	3342	1920	10000	0	0	10748	15	640	10754	842	0	10736	1674	0	10734	1679	640	10742	847	640	10745	2506	0	10750	2510	640	10752	1684	1280
23514	832	640	10795	0	0
23515	1664	1280	10746	0	0	10749	832	0	10752	0	640
23516	3335	1920	10748	0	0	10745	832	0	10738	836	640	10736	1668	640	10749	2500	640	10743	1671	1280	10755	2503	1280
23517	2496	1920	10754	0	0	10745	832	0	10733	832	640	10748	0	640	10744	832	1280	10748	0	1280	10739	1664	640	10753	1661	0
23518	832	640	10793	0	0
23519	1664	1280	10751	0	0	10743	0	640	10744	832	640	10753	830	0
23521	832	2560	10328	0	0	10358	0	640	10341	0	1280	10365	0	1920
23522	768	576	10023	0	0
23523	4160	3242	10000	0	0	10000	0	662	10327	0	1322	10361	832	1322	10343	1664	1322	10360	2496	1322	10329	3328	1322	10358	1662	682	10328	1662	42	10359	1666	1962	10326	1666	2602
23524	768	576	10007	0	0
23525	576	448	10011	0	0
23526	768	576	10024	0	0
23527	832	1280	10328	0	0	10326	0	640
23528	832	640	10727	0	0
23529	2496	1280	10718	0	0	10726	0	640	10706	832	0	10720	832	640	10710	1664	0	10722	1664	640
23530	4160	1280	10324	0	0	10361	832	0	10346	1664	0	10349	1666	640	10361	834	640	10327	2	640	10360	2496	0	10329	3328	0
23531	768	576	10006	0	0
23532	4162	2560	10327	0	0	10361	832	0	10346	1664	0	10360	2496	0	10329	3328	0	10345	1666	640	10360	2498	640	10329	3330	640	10359	1667	1280	10326	1667	1920
23533	768	576	10005	0	0
23534	768	384	10001	0	0
23535	768	576	10022	0	0
23536	1664	641	10327	0	0	10329	832	1
23537	832	640	10728	0	0
23538	2496	1280	10726	0	0	10724	0	640	10707	832	640	10716	832	0	10719	1664	0	10719	1664	640
23539	2496	3200	10328	0	0	10358	0	640	10345	0	1280	10359	0	1920	10323	0	2560	10360	832	1280	10329	1664	1280
23540	576	512	10010	0	0
23551	832	1280	10328	0	0	10323	0	640
23552	768	576	10023	0	0
23553	3329	2560	10000	0	0	10301	832	0	10304	832	640	10315	0	640	10307	833	1280	10315	1	1280	10306	1665	1280	10329	2497	1280	10312	1664	1920
23554	4160	1920	10313	0	0	10316	0	640	10307	832	640	10313	832	0	10306	1664	640	10307	2496	640	10313	2496	0	10317	3328	640	10313	3328	0	10301	1664	1280
23555	2496	2602	10000	0	0	10000	1	662	10327	0	1322	10306	832	1322	10312	832	1962	10304	1664	1322	10312	1664	1962	10304	1664	682	10315	832	682	10301	1664	42
23556	4160	1920	10313	0	0	10316	0	640	10307	832	640	10313	832	0	10307	2496	640	10313	2496	0	10317	3328	640	10313	3328	0	10301	1664	1280	10303	1664	640	10313	1663	0
23561	3331	1920	10000	0	0	10754	0	640	10742	832	640	10733	1664	640	10741	1660	0	10755	2492	0	10749	2496	640	10743	1667	1280	10755	2499	1280
23562	832	640	10756	0	0
23563	832	640	10756	0	0
23564	2503	1920	10754	0	0	10736	832	0	10755	1664	0	10733	835	640	10749	1667	640	10748	3	640	10737	839	1280	10755	1671	1280	10754	7	1280
23565	832	640	10795	0	0
23566	832	640	10797	0	0
23567	1664	2560	10746	0	0	10749	832	0	10735	0	640	10749	832	640	10747	0	1280	10752	0	1920
23568	2500	1920	10754	0	0	10745	832	0	10733	833	640	10748	1	640	10744	832	1280	10754	0	1279	10734	1665	640	10751	1661	0	10750	1668	1280
23569	1664	2560	10753	0	0	10732	0	640	10735	0	1280	10738	0	1920	10749	832	1280	10749	832	1920
23801	1024	640	10218	0	0
23802	1664	2560	10641	0	0	10648	0	640	10648	0	1280	10647	0	1920	10643	832	0	10644	832	640	10644	832	1280	10645	832	1920
23803	2496	1280	10641	0	0	10642	832	0	10643	1664	0	10647	0	640	10646	832	640	10645	1664	640
23804	832	640	50010	0	0
23806	1664	2560	10641	0	0	10643	832	0	10648	0	640	10648	0	1280	10647	0	1920	10644	832	640	10644	832	1280	10645	832	1920
23807	896	640	10227	0	0
23808	1664	1920	10641	0	0	10643	832	0	10648	0	640	10647	0	1280	10644	832	640	10645	832	1280
23809	1280	640	50115	0	0
23811	1664	2560	10651	0	0	10653	832	0	10658	0	640	10658	0	1280	10657	0	1920	10654	832	640	10654	832	1280	10655	832	1920
23812	2496	1920	10651	0	0	10652	832	0	10653	1664	0	10658	0	640	10601	832	640	10654	1664	640	10657	0	1280	10656	832	1280	10655	1664	1280
23821	2496	1920	10641	0	0	10642	832	0	10643	1664	0	10648	0	640	10621	832	640	10644	1664	640	10647	0	1280	10646	832	1280	10645	1664	1280
23822	1664	1920	10641	0	0	10643	832	0	10648	0	640	10644	832	640	10647	0	1280	10645	832	1280
23831	3328	1920	10622	0	0	10623	832	0	10623	1664	0	10624	2496	0	10629	0	640	10621	832	640	10621	1664	640	10625	2496	640	10628	0	1280	10627	832	1280	10627	1664	1280	10626	2496	1280
23841	4160	1280	10641	0	0	10642	832	0	10642	1664	0	10642	2496	0	10643	3328	0	10647	0	640	10646	832	640	10646	1664	640	10646	2496	640	10645	3328	640
23842	2496	1280	10641	0	0	10642	832	0	10643	1664	0	10647	0	640	10646	832	640	10645	1664	640
23851	2496	1920	10641	0	0	10642	832	0	10643	1664	0	10648	0	640	10647	0	1280	10621	832	640	10646	832	1280	10644	1664	640	10645	1664	1280
23861	3328	1280	10651	0	0	10652	832	0	10652	1664	0	10653	2496	0	10657	0	640	10656	832	640	10656	1664	640	10655	2496	640
23862	1664	2560	10651	0	0	10653	832	0	10658	0	640	10658	0	1280	10657	0	1920	10654	832	640	10654	832	1280	10655	832	1920
23871	1024	640	10217	0	0
23872	1664	2560	10641	0	0	10643	832	0	10648	0	640	10644	832	640	10648	0	1280	10644	832	1280	10647	0	1920	10645	832	1920
23873	2496	1280	10641	0	0	10642	832	0	10643	1664	0	10647	0	640	10646	832	640	10645	1664	640
23881	4160	1280	10641	0	0	10642	832	0	10642	1664	0	10642	2496	0	10643	3328	0	10647	0	640	10646	832	640	10646	1664	640	10646	2496	640	10645	3328	640
23882	1664	1280	10641	0	0	10643	832	0	10647	0	640	10645	832	640
23883	3328	1280	10641	0	0	10642	832	0	10642	1664	0	10643	2496	0	10647	0	640	10646	832	640	10646	1664	640	10645	2496	640
23891	1664	1280	10641	0	0	10643	832	0	10647	0	640	10645	832	640
24000	4992	4928	24000	0	0
24001	896	896	10508	0	0
24002	1472	832	50172	0	0
24003	1472	832	50173	0	0
24011	896	896	10507	0	0
24012	1472	832	50174	0	0
24013	1472	832	50171	0	0
24021	1408	960	50196	0	0
24031	1280	896	50188	0	0
24041	1280	960	10212	0	0
24051	1280	832	50187	0	0
24101	832	640	50181	0	0
24102	832	640	50181	0	0
24103	832	640	50169	0	0
24104	1088	832	50189	0	0
24105	960	768	50192	0	0
24106	832	640	50182	0	0
24131	832	640	50184	0	0
24132	832	640	50183	0	0
24133	832	640	50149	0	0
24134	832	640	50191	0	0
24135	832	640	50190	0	0
24136	832	640	50183	0	0
24171	832	640	50185	0	0
24172	832	640	50185	0	0
24173	832	640	50145	0	0
24174	832	640	50071	0	0
24175	832	640	50185	0	0
24221	832	640	50179	0	0
24241	1280	960	50177	0	0
24242	1280	960	50177	0	0
24243	832	640	50007	0	0
24261	832	640	50060	0	0
24262	832	640	50060	0	0
24301	832	640	50175	0	0
24302	832	640	50176	0	0
24401	1024	1280	10232	0	0
24402	832	640	50011	0	0
24403	1280	640	50115	0	0
24411	4160	1280	10602	0	0	10603	832	0	10603	1664	0	10603	2496	0	10604	3328	0	10608	0	640	10607	832	640	10607	1664	640	10607	2496	640	10606	3328	640
24412	1664	2560	10602	0	0	10604	832	0	10609	0	640	10605	832	640	10609	0	1280	10605	832	1280	10608	0	1920	10606	832	1920
24413	2304	832	10233	0	0
24414	960	704	50014	0	0
24415	960	768	50193	0	0
24416	832	640	50071	0	0
24417	1280	640	50115	0	0
24421	2496	1920	10641	0	0	10642	832	0	10643	1664	0	10648	0	640	10621	832	640	10644	1664	640	10647	0	1280	10646	832	1280	10645	1664	1280
24422	1088	640	10440	0	0
24423	1280	640	10426	0	0
24431	1600	1088	10413	0	0
24432	3328	1920	10651	0	0	10658	0	640	10657	0	1280	10652	832	0	10652	1664	0	10653	2496	0	10659	832	640	10656	832	1280	10659	1664	640	10656	1664	1280	10654	2496	640	10655	2496	1280
24441	1280	896	51031	0	0
24442	1600	640	50043	0	0
24443	1280	896	51031	0	0
24444	1600	640	50044	0	0
24501	2504	1920	10754	0	0	10745	832	0	10737	836	640	10740	1668	640	10752	1672	1280	10748	4	640
24502	832	640	10795	0	0
24503	1680	1920	10000	0	0	10753	840	0	10734	844	640	10752	848	1280	10748	12	640
24504	832	640	10797	0	0
24505	2504	1920	10754	0	0	10742	832	0	10740	1664	0	10734	1668	640	10754	836	639	10739	1672	1280	10748	840	1280
24506	2499	1920	10746	0	0	10732	0	640	10750	0	1280	10736	832	0	10738	835	640	10749	1667	640	10755	1664	0
24507	2499	1280	10754	0	0	10736	832	0	10755	1664	0	10743	835	640	10749	1667	640
24508	832	640	10795	0	0
24509	1665	2560	10751	0	0	10735	1	640	10747	0	1280	10752	0	1920	10755	833	640
24510	2500	1920	10751	0	0	10738	0	640	10736	832	640	10745	1664	640	10750	1668	1280	10752	836	1280
24511	4171	2560	10000	0	0	10753	840	0	10737	843	640	10741	11	640	10732	15	1280	10752	19	1920	10731	1675	640	10737	2507	640	10753	2503	0	10755	3339	640
24512	832	640	10798	0	0
24513	2500	1920	10748	0	0	10740	832	0	10737	836	640	10746	4	640	10750	8	1280	10755	1668	640
24514	2496	1920	10751	0	0	10743	0	640	10736	832	640	10744	1664	640	10740	1660	0	10748	828	0	10752	836	1280
24515	832	640	10796	0	0
24516	2500	3200	10741	0	0	10747	0	640	10735	0	1280	10732	0	1920	10752	0	2560	10736	832	0	10749	1664	0	10750	836	640	10745	832	1280	10738	836	1920	10749	1668	1920
24517	2500	1940	10000	0	0	10754	0	660	10734	832	660	10741	828	20	10740	1660	20	10750	1663	660	10738	836	1300	10749	1668	1300
24521	2496	1280	10302	0	0	10310	832	0	10308	832	640	10325	1664	640
24522	2498	2578	10000	0	0	10304	834	658	10313	834	18	10307	832	1938	10314	1664	1937	10303	834	1298	10315	2	1298	10302	2	658	10302	0	1938	10302	1666	1298
24523	2496	1280	10315	0	0	10306	832	0	10314	1664	0	10307	832	640	10302	1664	640	10302	0	640
24524	2496	1280	10302	0	0	10306	832	0	10302	1664	0	10307	831	640	10315	0	640	10314	1663	640
24525	2498	2560	10315	0	0	10306	832	0	10304	834	640	10305	834	1280	10315	2	638	10312	834	1920	10302	1664	0	10302	1666	1279
24531	2496	1920	10324	0	0	10310	832	0	10303	832	640	10315	0	640	10314	1664	640	10323	832	1280
24801	1664	640	10446	0	0
24802	2496	1920	10671	0	0	10672	832	0	10673	1664	0	10678	0	640	10677	0	1280	10679	832	640	10676	832	1280	10674	1664	640	10675	1664	1280
24803	1664	1280	10671	0	0	10673	832	0	10677	0	640	10675	832	640
24806	1664	2560	10602	0	0	10604	832	0	10609	0	640	10605	832	640	10609	0	1280	10605	832	1280	10608	0	1920	10606	832	1920
24807	1664	1280	10622	0	0	10624	832	0	10628	0	640	10626	832	640
24811	1664	640	10443	0	0
24812	1664	2560	10671	0	0	10678	0	640	10678	0	1280	10677	0	1920	10673	832	0	10674	832	640	10674	832	1280	10675	832	1920
24816	1664	1920	10641	0	0	10643	832	0	10648	0	640	10647	0	1280	10644	832	640	10645	832	1280
24821	3328	1280	10602	0	0	10608	0	640	10603	832	0	10607	832	640	10603	1664	0	10607	1664	640	10604	2496	0	10606	2496	640
24822	3328	1280	10602	0	0	10608	0	640	10603	832	0	10607	832	640	10603	1664	0	10607	1664	640	10604	2496	0	10606	2496	640
24831	1600	1216	10418	0	0
24832	1664	3200	10641	0	0	10643	832	0	10648	0	640	10644	832	640	10648	0	1280	10644	832	1280	10648	0	1920	10644	832	1920	10647	0	2560	10645	832	2560
24833	832	640	50071	0	0
24834	1664	1280	10641	0	0	10643	832	0	10647	0	640	10645	832	640
24835	1664	1280	10622	0	0	10624	832	0	10628	0	640	10626	832	640
24841	4160	1280	10602	0	0	10603	832	0	10603	1664	0	10603	2496	0	10604	3328	0	10608	0	640	10607	832	640	10607	1664	640	10607	2496	640	10606	3328	640
24842	3328	1280	10602	0	0	10603	832	0	10603	1664	0	10604	2496	0	10608	0	640	10607	832	640	10607	1664	640	10606	2496	640
24843	2496	1280	10602	0	0	10608	0	640	10603	832	0	10604	1664	0	10606	1664	640	10607	832	640
24851	2496	1280	10651	0	0	10652	832	0	10653	1664	0	10657	0	640	10656	832	640	10655	1664	640
24852	1664	2560	10651	0	0	10653	832	0	10658	0	640	10654	832	640	10658	0	1280	10654	832	1280	10657	0	1920	10655	832	1920
24853	832	640	50010	0	0
24854	1664	2560	10651	0	0	10653	832	0	10658	0	640	10658	0	1280	10657	0	1920	10654	832	640	10654	832	1280	10655	832	1920
24855	2496	1280	10651	0	0	10652	832	0	10653	1664	0	10657	0	640	10656	832	640	10655	1664	640
24856	960	768	50193	0	0
24857	2496	1920	10651	0	0	10658	0	640	10657	0	1280	10652	832	0	10653	1664	0	10659	832	640	10656	832	1280	10654	1664	640	10655	1664	1280
24861	2496	1920	10602	0	0	10603	832	0	10604	1664	0	10609	0	640	10601	832	640	10605	1664	640	10608	0	1280	10607	832	1280	10606	1664	1280
24862	832	640	50011	0	0
24863	832	640	50072	0	0
24864	896	896	10505	0	0
24865	1280	896	50151	0	0
24866	1280	896	50155	0	0
24871	1664	2560	10602	0	0	10604	832	0	10609	0	640	10609	0	1280	10605	832	640	10605	832	1280	10608	0	1920	10606	832	1920
24881	1664	1920	10651	0	0	10653	832	0	10658	0	640	10657	0	1280	10654	832	640	10655	832	1280
24882	1664	2560	10651	0	0	10653	832	0	10658	0	640	10658	0	1280	10657	0	1920	10654	832	640	10654	832	1280	10655	832	1920
24891	2496	1280	10671	0	0	10672	832	0	10673	1664	0	10677	0	640	10676	832	640	10675	1664	640
24901	3328	1280	10671	0	0	10672	832	0	10672	1664	0	10673	2496	0	10677	0	640	10676	832	640	10676	1664	640	10675	2496	640
25000	3328	3136	25000	0	0
25001	960	832	10501	0	0
25002	1472	1152	50032	0	0
25003	1344	960	50082	0	0
25004	1344	960	50194	0	0
25005	1280	640	50073	0	0
25006	1280	960	50301	0	0
25011	960	832	10502	0	0
25012	896	640	50053	0	0
25013	1280	640	50114	0	0
25014	1344	960	50075	0	0
25021	896	896	10506	0	0
25022	1280	640	50077	0	0
25023	1280	640	50064	0	0
25031	896	896	10505	0	0
25032	1280	896	50151	0	0
25033	1280	896	50155	0	0
25041	960	832	10502	0	0
25042	1408	960	50197	0	0
25051	1600	1152	50195	0	0
25052	2048	1280	51076	0	0
25101	800	600	50084	0	0
25102	832	640	50147	0	0
25103	832	640	50164	0	0
25104	832	640	50001	0	0
25105	832	640	50096	0	0
25106	800	600	50084	0	0
25107	800	600	50085	0	0
25108	832	640	50164	0	0
25131	832	640	50150	0	0
25132	800	600	50086	0	0
25133	832	640	50003	0	0
25134	832	640	50149	0	0
25135	832	640	50137	0	0
25136	800	600	50086	0	0
25137	832	640	50169	0	0
25138	800	600	50087	0	0
25139	832	640	50137	0	0
25140	832	640	50150	0	0
25141	832	640	50003	0	0
25142	832	640	50169	0	0
25143	832	640	50004	0	0
25151	832	640	50161	0	0
25171	832	640	50146	0	0
25172	800	600	50089	0	0
25173	832	640	50047	0	0
25174	832	640	50145	0	0
25175	832	640	50146	0	0
25176	800	600	50088	0	0
25177	832	640	50005	0	0
25178	800	600	50088	0	0
25179	832	640	50005	0	0
25181	832	640	50048	0	0
25182	800	600	50088	0	0
25183	832	640	50185	0	0
25201	832	640	50009	0	0
25202	832	640	50009	0	0
25203	832	640	50009	0	0
25221	832	640	50180	0	0
25222	832	640	50016	0	0
25223	832	640	50179	0	0
25241	1280	960	50177	0	0
25242	832	640	50007	0	0
25243	832	640	50008	0	0
25244	832	640	50008	0	0
25245	832	640	50007	0	0
25246	832	640	50008	0	0
25261	832	640	50060	0	0
25262	832	640	50059	0	0
25263	832	640	50059	0	0
25264	832	640	50060	0	0
25265	832	640	50060	0	0
25266	832	640	50060	0	0
25281	1280	640	50045	0	0
25282	1280	640	50045	0	0
25283	1280	640	50046	0	0
25301	1280	704	50130	0	0
25302	832	640	50012	0	0
25303	1600	640	50123	0	0
25304	1280	896	50065	0	0
25305	960	704	50014	0	0
25306	832	640	50175	0	0
25307	1600	640	50122	0	0
25308	832	640	50157	0	0
25309	832	640	50013	0	0
25310	832	640	50175	0	0
25311	960	768	50193	0	0
25401	1280	896	50029	0	0
25402	1600	640	50090	0	0
25403	1600	640	50044	0	0
25404	1280	896	50028	0	0
25405	1600	640	50091	0	0
25406	1600	640	50043	0	0
25411	832	1024	51037	0	0
25412	1600	640	50044	0	0
25413	832	1024	51036	0	0
25414	1600	640	50043	0	0
25415	3328	1280	10622	0	0	10623	832	0	10623	1664	0	10624	2496	0	10628	0	640	10627	832	640	10627	1664	640	10626	2496	640
25416	960	768	50192	0	0
25417	1600	832	10434	0	0
25418	1600	832	10432	0	0
25419	2496	1920	10622	0	0	10623	832	0	10624	1664	0	10629	0	640	10621	832	640	10625	1664	640	10628	0	1280	10627	832	1280	10626	1664	1280
25420	832	640	50011	0	0
25421	832	1024	51039	0	0
25422	1600	640	50044	0	0
25423	832	1024	51038	0	0
25424	1600	640	50043	0	0
25425	4160	1280	10622	0	0	10623	832	0	10623	1664	0	10623	2496	0	10624	3328	0	10628	0	640	10627	832	640	10627	1664	640	10627	2496	640	10626	3328	640
25426	1600	640	10411	0	0
25427	1664	1920	10622	0	0	10624	832	0	10629	0	640	10628	0	1280	10625	832	640	10626	832	1280
25431	1280	896	50028	0	0
25432	1600	640	50043	0	0
25433	1280	896	50029	0	0
25434	1600	640	50044	0	0
25435	1664	1920	10641	0	0	10643	832	0	10648	0	640	10647	0	1280	10644	832	640	10645	832	1280
25436	1088	640	10424	0	0
25437	1280	640	51041	0	0
25438	1600	832	10436	0	0
25439	1600	832	10431	0	0
25440	2496	1280	10641	0	0	10642	832	0	10643	1664	0	10647	0	640	10646	832	640	10645	1664	640
25441	832	1024	51037	0	0
25442	1600	640	50044	0	0
25443	832	1024	51036	0	0
25444	1600	640	50043	0	0
25445	1600	640	10412	0	0
25446	1600	832	10434	0	0
25447	1664	2560	10622	0	0	10624	832	0	10629	0	640	10629	0	1280	10628	0	1920	10625	832	640	10625	832	1280	10626	832	1920
25448	1280	960	50143	0	0
25449	960	768	50193	0	0
25451	2496	1792	51040	0	0
25452	4160	1280	10651	0	0	10652	832	0	10652	1664	0	10652	2496	0	10653	3328	0	10657	0	640	10656	832	640	10656	1664	640	10656	2496	640	10655	3328	640
25453	1600	832	10436	0	0
25454	1600	832	10433	0	0
25461	1088	640	10423	0	0
25462	1088	640	10439	0	0
25463	960	768	10441	0	0
25464	832	640	50186	0	0
25465	800	600	50089	0	0
25471	832	640	10402	0	0
25472	832	640	10409	0	0
25473	832	640	50164	0	0
25481	1664	3840	10641	0	0	10643	832	0	10648	0	640	10648	0	1280	10648	0	1920	10648	0	2560	10647	0	3200	10644	832	640	10644	832	1280	10644	832	1920	10644	832	2560	10645	832	3200
25482	1024	768	10430	0	0
25483	1280	960	51030	0	0
25491	1280	960	51046	0	0
25501	3338	2560	10754	0	0	10731	832	0	10742	1664	0	10740	2496	0	10744	2498	640	10736	1666	640	10736	834	640	10748	2	640	10734	838	1280	10748	6	1280	10732	1671	1280	10737	842	1920	10737	1674	1920	10755	2506	1920	10748	10	1919
25502	832	640	10797	0	0
25503	2496	1300	10000	0	0	10748	0	660	10737	832	660	10753	828	21	10749	1664	660
25504	4178	2560	10000	0	0	10751	840	0	10735	843	640	10737	846	1280	10754	14	1280	10731	1675	640	10745	1678	1280	10743	1682	1920	10737	2514	1920	10733	2507	640	10735	2510	1280	10755	3346	1920	10749	3342	1280	10739	3339	640	10751	3335	0	10740	2503	0	10748	1671	0
25511	4160	1940	10000	0	0	10748	0	660	10733	832	660	10752	835	1300	10753	828	20	10742	1664	660	10737	2496	660	10751	2493	20	10755	3328	660
25512	832	640	10793	0	0
25513	1664	1300	10000	0	0	10754	0	660	10744	832	660	10751	828	20
25514	832	640	10798	0	0
25515	4157	1920	10753	0	0	10735	0	640	10752	0	1280	10739	832	640	10746	829	0	10736	1661	0	10750	1665	640	10736	2493	0	10752	2496	640	10749	3325	0
25516	832	640	10792	0	0
25517	1664	1280	10751	0	0	10738	0	640	10755	832	640
25518	2499	1920	10753	0	0	10735	0	640	10750	0	1280	10736	832	640	10750	836	1280	10745	1664	640	10752	1667	1280
25521	1672	1920	10754	0	0	10740	832	0	10752	840	1280	10734	836	640	10746	4	640	10750	7	1280
25522	832	640	10795	0	0
25523	2520	3200	10000	0	0	10751	840	0	10735	844	640	10734	848	1280	10744	1676	640	10751	1672	0	10754	16	1280	10735	852	1920	10750	856	2560	10745	1684	1920	10750	1688	2560
25524	4160	1920	10754	0	0	10736	832	0	10731	1664	0	10736	2496	0	10755	3328	0	10738	836	640	10736	1668	640	10739	2500	640	10752	1672	1280
25525	832	640	10795	0	0
25526	3328	1920	10751	0	0	10743	0	640	10736	832	640	10750	835	1280	10736	1664	640	10750	1668	1280	10755	2496	640
25527	2504	1920	10000	0	0	10741	840	0	10755	1672	0	10739	844	640	10746	12	640	10752	16	1280
25531	3336	2559	10000	0	0	10393	840	0	10377	840	640	10388	1672	639	10371	1672	1279	10378	1672	1919	10394	2504	1919	10381	9	640	10395	9	1280
25532	832	640	10397	0	0
25533	3328	1920	10389	0	0	10390	0	640	10386	0	1280	10372	832	0	10376	1664	0	10382	1664	640	10394	2496	0	10377	832	1280	10383	832	640	10391	1664	1280	10394	2496	1280
25534	3328	1920	10392	0	0	10376	832	0	10380	1664	0	10375	1664	640	10384	2496	640	10374	832	640	10385	0	640	10377	832	1280	10387	1664	1280	10392	0	1280
25535	832	640	10396	0	0
25536	3328	1919	10383	0	0	10378	0	640	10373	832	639	10395	832	1279	10393	832	0	10376	1664	639	10394	2496	639	10382	1664	1279
25537	832	640	10398	0	0
25538	1664	1280	10392	0	0	10380	832	0	10382	832	640
25539	832	640	10399	0	0
25540	1664	1280	10389	0	0	10384	832	0	10395	0	640
25541	4170	1920	10000	0	0	10313	842	0	10303	842	640	10312	842	1280	10306	1674	640	10312	1674	1280	10307	2506	640	10313	2506	0	10324	10	639	10302	3338	640
25542	2496	1920	10315	0	0	10306	832	0	10303	832	640	10314	1664	640	10307	832	1280	10315	0	1280	10302	0	640	10302	1664	0	10302	1664	1280
25543	3338	1280	10000	0	0	10313	842	0	10307	842	640	10307	1674	640	10313	1674	0	10314	2506	640	10302	10	640
25544	3328	1942	10000	0	0	10303	832	662	10313	832	22	10312	832	1302	10303	1664	662	10312	1664	1302	10313	1664	22	10314	2496	662	10302	0	662
25551	1677	1920	10000	0	0	10753	840	0	10739	845	640	10741	13	640	10752	17	1280
25552	832	640	10797	0	0
25553	3340	2560	10000	0	0	10748	840	0	10745	1672	0	10735	1676	640	10755	2508	640	10744	1679	1280	10736	847	1280	10748	15	1280	10750	851	1920
25554	3328	1302	10000	0	0	10754	0	662	10737	832	662	10751	828	22	10737	1664	662	10751	1659	22	10749	2496	662
25701	2496	1920	10641	0	0	10642	832	0	10643	1664	0	10648	0	640	10621	832	640	10644	1664	640	10647	0	1280	10646	832	1280	10645	1664	1280
25702	960	704	50014	0	0
25703	960	768	50193	0	0
25704	832	640	50072	0	0
25705	832	640	50072	0	0
25706	3328	1280	10641	0	0	10642	832	0	10642	1664	0	10643	2496	0	10647	0	640	10646	832	640	10646	1664	640	10645	2496	640
25707	1280	960	50143	0	0
25708	960	768	50192	0	0
25709	832	640	50010	0	0
25710	832	640	50071	0	0
25711	1088	640	10438	0	0
25712	832	1024	51036	0	0
25731	1664	3840	10602	0	0	10609	0	640	10609	0	1280	10609	0	1920	10609	0	2560	10608	0	3200	10604	832	0	10605	832	640	10605	832	1280	10605	832	1920	10605	832	2560	10606	832	3200
25732	1664	3200	10602	0	0	10604	832	0	10609	0	640	10605	832	640	10609	0	1280	10605	832	1280	10609	0	1920	10605	832	1920	10608	0	2560	10606	832	2560
25733	2496	1920	10602	0	0	10603	832	0	10604	1664	0	10609	0	640	10608	0	1280	10601	832	640	10607	832	1280	10605	1664	640	10606	1664	1280
25801	1088	640	10437	0	0
25802	2496	2560	10622	0	0	10623	832	0	10624	1664	0	10629	0	640	10621	832	640	10625	1664	640	10629	0	1280	10621	832	1280	10625	1664	1280	10628	0	1920	10627	832	1920	10626	1664	1920
25803	832	640	50010	0	0
25806	2496	1920	10641	0	0	10648	0	640	10647	0	1280	10642	832	0	10621	832	640	10646	832	1280	10643	1664	0	10644	1664	640	10645	1664	1280
25807	2496	1920	10622	0	0	10623	832	0	10624	1664	0	10629	0	640	10621	832	640	10625	1664	640	10628	0	1280	10627	832	1280	10626	1664	1280
25808	1664	1280	10622	0	0	10624	832	0	10628	0	640	10626	832	640
25811	832	640	10202	0	0
25812	1664	3840	10602	0	0	10609	0	640	10609	0	1280	10609	0	1920	10609	0	2560	10608	0	3200	10604	832	0	10605	832	640	10605	832	1280	10605	832	1920	10605	832	2560	10606	832	3200
25813	2496	1920	10602	0	0	10603	832	0	10604	1664	0	10609	0	640	10608	0	1280	10601	832	640	10607	832	1280	10605	1664	640	10606	1664	1280
25814	832	640	50011	0	0
25815	832	640	50072	0	0
25816	832	640	10201	0	0
25817	1280	896	50198	0	0
25818	832	640	50013	0	0
25819	3327	2560	10641	0	0	10623	832	0	10643	2495	0	10693	1664	0	10699	1663	640	10629	0	640	10648	0	1280	10647	0	1920	10627	832	1920	10646	1661	1920	10626	2493	1920	10625	2495	1280	10621	832	640	10621	832	1280	10621	1663	1280	10692	2495	640
25820	2494	1921	10622	0	0	10623	832	1	10624	1662	1	10625	1662	641	10626	1662	1281	10627	830	1280	10628	0	1280	10629	0	640	10621	832	640
25821	2496	2560	10641	0	0	10642	832	0	10643	1664	0	10648	0	640	10621	832	640	10644	1664	640	10648	0	1280	10621	832	1280	10644	1664	1280	10647	0	1920	10646	832	1920	10645	1664	1920
25822	2304	832	10234	0	0
25823	960	704	50015	0	0
25824	960	768	50192	0	0
25825	1280	640	50134	0	0
25826	832	640	50072	0	0
25827	1664	1280	10641	0	0	10643	832	0	10647	0	640	10645	832	640
25828	832	640	10102	0	0
25831	1664	1920	10651	0	0	10653	832	0	10658	0	640	10657	0	1280	10654	832	640	10655	832	1280
25832	896	640	10456	0	0
25833	1280	960	10212	0	0
25836	1664	2560	10622	0	0	10624	832	0	10629	0	640	10629	0	1280	10628	0	1920	10625	832	640	10625	832	1280	10626	832	1920
25841	1024	640	10218	0	0
25842	1664	1280	10641	0	0	10643	832	0	10647	0	640	10645	832	640
25843	3328	1280	10641	0	0	10642	832	0	10642	1664	0	10643	2496	0	10647	0	640	10646	832	640	10646	1664	640	10645	2496	640
25844	832	640	50010	0	0
25846	2496	1280	10641	0	0	10642	832	0	10643	1664	0	10647	0	640	10646	832	640	10645	1664	640
25851	1664	2560	10641	0	0	10643	832	0	10648	0	640	10648	0	1280	10647	0	1920	10644	832	640	10644	832	1280	10645	832	1920
25861	1664	2560	10622	0	0	10624	832	0	10629	0	640	10629	0	1280	10628	0	1920	10625	832	640	10625	832	1280	10626	832	1920
25862	960	768	50192	0	0
25863	1664	2560	10622	0	0	10624	832	0	10629	0	640	10629	0	1280	10628	0	1920	10625	832	640	10625	832	1280	10626	832	1920
25864	1600	832	10433	0	0
25865	1600	832	10432	0	0
25871	3328	1280	10641	0	0	10642	832	0	10642	1664	0	10643	2496	0	10647	0	640	10646	832	640	10646	1664	640	10645	2496	640
25881	2496	1920	10651	0	0	10658	0	640	10657	0	1280	10652	832	0	10653	1664	0	10659	832	640	10656	832	1280	10654	1664	640	10655	1664	1280
25882	2496	1280	10651	0	0	10652	832	0	10653	1664	0	10657	0	640	10656	832	640	10655	1664	640
25891	4160	1280	10602	0	0	10603	832	0	10603	1664	0	10603	2496	0	10604	3328	0	10608	0	640	10607	832	640	10607	1664	640	10607	2496	640	10606	3328	640
25892	832	640	50010	0	0
25893	832	640	50072	0	0
25894	1664	3200	10602	0	0	10604	832	0	10609	0	640	10605	832	640	10609	0	1280	10605	832	1280	10609	0	1920	10605	832	1920	10608	0	2560	10606	832	2560
25895	3328	1280	10651	0	0	10652	832	0	10652	1664	0	10653	2496	0	10657	0	640	10656	832	640	10656	1664	640	10655	2496	640
25896	2496	1280	10602	0	0	10608	0	640	10603	832	0	10604	1664	0	10607	832	640	10606	1664	640
26000	4928	3712	26000	0	0
26001	896	896	10506	0	0
26002	1280	896	50152	0	0
26003	1280	896	50156	0	0
26004	896	640	51047	0	0
26011	896	896	10506	0	0
26012	1280	896	50151	0	0
26021	1664	1280	50200	0	0
26031	1280	960	50202	0	0
26041	1600	1152	50201	0	0
26051	1600	1152	50203	0	0
26101	832	640	50181	0	0
26102	832	640	50164	0	0
26103	832	640	50136	0	0
26104	832	640	50096	0	0
26105	800	600	50085	0	0
26106	832	640	50002	0	0
26107	832	640	50137	0	0
26108	800	600	50084	0	0
26109	832	640	50127	0	0
26110	832	640	50182	0	0
26131	832	640	50150	0	0
26132	832	640	50183	0	0
26133	800	600	50086	0	0
26134	832	640	50183	0	0
26135	832	640	50149	0	0
26136	832	640	50184	0	0
26137	800	600	50086	0	0
26138	832	640	50150	0	0
26139	832	640	50183	0	0
26140	800	600	50087	0	0
26171	832	640	50145	0	0
26172	800	600	50089	0	0
26173	832	640	50186	0	0
26174	832	640	50048	0	0
26175	832	640	50146	0	0
26176	832	640	50005	0	0
26177	800	600	50089	0	0
26178	832	640	50185	0	0
26179	832	640	50185	0	0
26180	832	640	50146	0	0
26181	832	640	50067	0	0
26201	832	640	50009	0	0
26221	832	640	50179	0	0
26241	1280	960	50178	0	0
26242	832	640	50007	0	0
26261	832	640	50059	0	0
26262	832	640	50060	0	0
26281	1280	640	50045	0	0
26301	832	640	50175	0	0
26302	832	640	50013	0	0
26401	1280	896	50028	0	0
26402	1600	640	50043	0	0
26403	1280	896	50029	0	0
26404	1600	640	50044	0	0
26411	2496	1280	10641	0	0	10642	832	0	10643	1664	0	10647	0	640	10646	832	640	10645	1664	640
26421	896	640	51048	0	0
26431	896	640	51057	0	0
26501	2496	1280	10385	0	0	10376	832	0	10394	1664	0	10395	832	640
26502	832	640	10367	0	0
26503	2496	1280	10392	0	0	10388	832	0	10377	832	640	10385	0	640	10394	1664	640
26511	4164	1920	10754	0	0	10745	832	0	10743	836	640	10736	1668	640	10752	1671	1280	10733	2500	640	10750	2504	1280	10751	2497	0	10755	3332	640
26512	832	640	10756	0	0
26513	2496	640	10754	0	0	10742	832	0	10749	1664	0
26514	832	640	10798	0	0
26515	2500	2560	10753	0	0	10738	0	640	10736	832	640	10744	1664	640	10753	1661	0	10737	836	1280	10749	1668	1280	10746	4	1280	10752	8	1920
26516	832	640	10793	0	0
26517	1664	640	10754	0	0	10749	832	0
26518	3328	1920	10748	0	0	10736	832	0	10731	1664	0	10755	2496	0	10734	835	640	10752	839	1280	10748	3	640
26521	4161	1922	10327	0	0	10361	832	0	10350	1664	0	10345	1664	640	10360	2496	640	10314	3328	640	10348	1665	1280	10362	3329	1282	10342	2497	1281
26522	768	576	10021	0	0
26523	1677	3200	10000	0	0	10328	842	0	10358	842	640	10344	844	1280	10359	845	1920	10351	12	1279	10359	14	1919	10312	14	2559	10326	845	2560
26524	768	576	10020	0	0
26525	4160	1280	10315	0	0	10361	832	0	10346	1664	0	10360	2496	0	10329	3328	0	10349	1665	640	10361	833	640	10315	1	640
26526	4162	1281	10327	0	0	10361	832	0	10350	1664	0	10347	1666	640	10361	834	640	10315	2	640	10360	2498	641	10329	3330	641
26527	768	576	10022	0	0
26528	2496	3200	10328	0	0	10358	0	640	10345	0	1280	10359	0	1920	10312	0	2560	10360	832	1280	10314	1664	1280
26529	832	3200	10313	0	0	10358	0	640	10359	0	1920	10341	0	1280	10326	0	2560
26531	2496	1920	10383	0	0	10375	0	640	10395	0	1280	10374	832	640	10381	832	0	10394	1664	0	10382	832	1280
26532	832	640	10397	0	0
26533	3328	1280	10383	0	0	10386	0	640	10377	832	640	10393	832	0	10391	1664	640	10384	2496	640
26534	2496	1280	10385	0	0	10376	832	0	10394	1664	0	10379	832	640	10392	0	639
26541	3328	1280	10302	0	0	10306	832	0	10306	1664	0	10310	2496	0	10323	2496	640	10312	832	640	10312	1664	640
26542	3328	2560	10302	0	0	10306	832	0	10314	1664	0	10320	832	640	10305	832	1280	10312	832	1920	10307	1664	1280	10302	2496	1280	10313	1664	640
26543	2506	2560	10000	0	0	10311	841	0	10304	841	640	10304	842	1280	10315	9	640	10315	10	1280	10302	1673	0	10308	842	1920	10314	1674	1920
26551	2496	1920	10313	0	0	10305	0	640	10312	0	1280	10303	832	640	10323	832	1280	10301	832	0	10310	1664	640	10312	1664	1280
26552	4160	1920	10313	0	0	10316	0	640	10307	832	640	10301	832	0	10303	1664	640	10301	1664	1280	10313	1664	0	10307	2496	640	10317	3328	640	10313	3328	0	10301	2496	0
26553	1664	1920	10315	0	0	10318	832	0	10304	832	640	10315	0	640	10301	832	1280
26554	1664	1920	10319	0	0	10314	832	0	10305	0	640	10314	832	640	10301	0	1280
26801	1664	2560	10681	0	0	10683	832	0	10684	0	640	10686	832	640	10684	0	1280	10686	832	1280	10687	0	1920	10689	832	1920
26802	2496	1920	10681	0	0	10682	832	0	10683	1664	0	10684	0	640	10685	832	640	10686	1664	640	10687	0	1280	10688	832	1280	10689	1664	1280
26806	2496	1280	10681	0	0	10682	832	0	10683	1664	0	10687	0	640	10688	832	640	10689	1664	640
26811	3328	1280	10631	0	0	10632	832	0	10632	1664	0	10633	2496	0	10637	0	640	10636	832	640	10636	1664	640	10635	2496	640
26812	1664	1920	10631	0	0	10633	832	0	10638	0	640	10634	832	640	10637	0	1280	10635	832	1280
26816	1664	1920	10681	0	0	10683	832	0	10684	0	640	10686	832	640	10687	0	1280	10689	832	1280
26821	4160	1280	10681	0	0	10687	0	640	10682	832	0	10688	832	640	10682	1664	0	10688	1664	640	10682	2496	0	10688	2496	640	10683	3328	0	10689	3328	640
26822	960	768	50192	0	0
26831	2496	1920	10631	0	0	10632	832	0	10633	1664	0	10638	0	640	10639	832	640	10634	1664	640	10637	0	1280	10636	832	1280	10635	1664	1280
26841	4160	1280	10641	0	0	10642	832	0	10642	1664	0	10642	2496	0	10643	3328	0	10647	0	640	10646	832	640	10646	1664	640	10646	2496	640	10645	3328	640
26842	1664	1920	10641	0	0	10643	832	0	10648	0	640	10647	0	1280	10644	832	640	10645	832	1280
26851	2496	1920	10641	0	0	10642	832	0	10643	1664	0	10648	0	640	10621	832	640	10644	1664	640	10647	0	1280	10646	832	1280	10645	1664	1280
26852	1664	1280	10641	0	0	10643	832	0	10647	0	640	10645	832	640
26861	2496	1920	10681	0	0	10682	832	0	10683	1664	0	10684	0	640	10685	832	640	10686	1664	640	10687	0	1280	10688	832	1280	10689	1664	1280
26862	2496	1280	10681	0	0	10682	832	0	10683	1664	0	10687	0	640	10688	832	640	10689	1664	640
26871	1024	640	10217	0	0
26872	1664	3200	10641	0	0	10648	0	640	10648	0	1280	10648	0	1920	10647	0	2560	10643	832	0	10644	832	640	10644	832	1280	10644	832	1920	10645	832	2560
26873	832	640	50071	0	0
26881	3328	1280	10681	0	0	10682	832	0	10682	1664	0	10683	2496	0	10687	0	640	10688	832	640	10688	1664	640	10689	2496	640
26891	3328	1280	10641	0	0	10642	832	0	10642	1664	0	10643	2496	0	10647	0	640	10646	832	640	10646	1664	640	10645	2496	640
26892	1664	2560	10641	0	0	10643	832	0	10648	0	640	10644	832	640	10648	0	1280	10644	832	1280	10647	0	1920	10645	832	1920
26901	768	576	10020	0	0
26902	768	576	10026	0	0
26903	768	576	10026	0	0
26904	768	576	10026	0	0
26905	768	576	10019	0	0
27000	4032	1984	27000	0	0
27001	1600	1152	50195	0	0
27011	1280	960	50223	0	0
27021	1280	960	50222	0	0
27031	2496	1280	10641	0	0	10693	832	0	10643	1664	0	10647	0	640	10694	832	640	10645	1664	640
27101	1088	832	50189	0	0
27102	1088	832	50189	0	0
27131	832	640	50066	0	0
27132	832	640	50184	0	0
27133	832	640	50149	0	0
27134	832	640	50097	0	0
27135	832	640	50111	0	0
27136	832	640	50184	0	0
27171	800	600	50089	0	0
27172	832	640	50185	0	0
27173	832	640	50006	0	0
27174	832	640	50191	0	0
27175	832	640	50190	0	0
27176	832	640	50191	0	0
27177	832	640	50190	0	0
27178	832	640	50185	0	0
27401	832	640	51001	0	0
27411	1280	960	51054	0	0
27421	1280	960	51055	0	0
27431	1664	1280	10631	0	0	10633	832	0	10635	832	640	10637	0	640
27501	2500	1921	10000	0	0	10748	0	640	10737	832	640	10751	828	0	10734	1664	641	10753	1659	1	10744	1668	1281	10754	4	1280	10731	836	1281
27502	832	640	10798	0	0
27503	1664	1280	10746	0	0	10749	832	0	10738	0	640	10755	832	640
27504	1669	1280	10741	0	0	10752	0	640	10740	832	0	10750	837	640
27511	3329	1920	10775	0	0	10762	832	0	10771	1664	0	10767	1665	640	10779	2497	641	10777	1665	1280
27512	832	640	10782	0	0
27513	1664	640	10780	0	0	10774	832	0
27514	1673	1280	10000	0	0	10781	841	0	10770	841	640	10775	9	640
27521	2506	2560	10000	0	0	10303	842	640	10315	10	640	10314	1674	640	10304	842	1280	10315	10	1280	10323	842	1920	10301	842	0
27522	3328	1920	10313	0	0	10316	0	640	10303	832	640	10301	831	0	10301	832	1280	10307	1664	640	10314	2496	640	10313	1664	0
27523	2496	1920	10315	0	0	10306	832	0	10314	1664	0	10303	832	640	10315	0	640	10314	1664	639	10301	832	1280
27531	2496	1920	10324	0	0	10318	1664	0	10320	1664	640	10317	1664	1280	10321	832	0	10315	832	1280	10000	0	640	10000	832	640	10000	0	1280
27533	2496	1921	10315	0	0	10306	832	1	10314	1664	0	10303	832	641	10315	0	641	10314	1664	641	10301	832	1281
27801	1664	2560	10641	0	0	10643	832	0	10648	0	640	10644	832	640	10648	0	1280	10644	832	1280	10647	0	1920	10645	832	1920
27802	1664	1280	10641	0	0	10643	832	0	10647	0	640	10645	832	640
27811	1664	3200	10641	0	0	10643	832	0	10648	0	640	10648	0	1280	10648	0	1920	10647	0	2560	10644	832	640	10644	832	1280	10644	832	1920	10645	832	2560
27821	4992	1280	10641	0	0	10642	832	0	10642	1664	0	10642	2496	0	10642	3328	0	10643	4160	0	10647	0	640	10646	832	640	10646	1664	640	10646	2496	640	10646	3328	640	10645	4160	640
27822	1664	1920	10641	0	0	10643	832	0	10648	0	640	10644	832	640	10647	0	1280	10645	832	1280
27831	4160	1280	10641	0	0	10642	832	0	10642	1664	0	10642	2496	0	10643	3328	0	10647	0	640	10646	832	640	10646	1664	640	10646	2496	640	10645	3328	640
27841	3328	1280	10651	0	0	10652	832	0	10652	1664	0	10653	2496	0	10657	0	640	10656	832	640	10656	1664	640	10655	2496	640
27851	2496	2560	10641	0	0	10642	832	0	10643	1664	0	10648	0	1280	10621	832	1280	10644	1664	1280	10647	0	1920	10646	832	1920	10645	1664	1920	10691	0	640	10695	832	640	10692	1664	640
27852	1664	2560	10641	0	0	10643	832	0	10648	0	640	10644	832	640	10648	0	1280	10644	832	1280	10647	0	1920	10645	832	1920
27861	2496	1920	10651	0	0	10652	832	0	10653	1664	0	10658	0	640	10659	832	640	10654	1664	640	10657	0	1280	10656	832	1280	10655	1664	1280
27862	1664	1920	10651	0	0	10653	832	0	10658	0	640	10657	0	1280	10654	832	640	10655	832	1280
27871	1664	2560	10611	0	0	10617	832	0	10612	0	640	10616	832	640	10612	0	1280	10616	832	1280	10613	0	1920	10615	832	1920
27872	2496	1280	10611	0	0	10613	0	640	10618	832	0	10617	1664	0	10614	832	640	10615	1664	640
27873	960	768	50193	0	0
28000	4416	3072	28000	0	0
28001	896	896	10507	0	0
28002	1280	960	50241	0	0
28003	1472	832	50171	0	0
28004	1280	960	50245	0	0
28011	960	640	10510	0	0
28012	1280	960	50242	0	0
28021	1280	960	50218	0	0
28031	1280	832	50250	0	0
28101	832	640	50236	0	0
28102	832	640	50237	0	0
28103	896	640	50212	0	0
28104	832	640	50237	0	0
28131	832	640	50238	0	0
28132	896	640	50215	0	0
28133	832	640	50239	0	0
28134	896	640	50214	0	0
28135	896	640	50215	0	0
28171	896	640	50234	0	0
28172	896	640	50217	0	0
28173	896	640	50235	0	0
28174	896	640	50235	0	0
28201	832	640	50009	0	0
28221	832	640	50232	0	0
28241	1280	960	50177	0	0
28261	832	640	50059	0	0
28301	1280	960	50231	0	0
28401	960	640	51073	0	0
28501	2496	1301	10000	0	0	10307	832	661	10311	831	21	10314	1664	661	10327	0	661	10325	1662	20
28502	768	576	10023	0	0
28503	832	1280	10328	0	0	10326	0	640
28504	768	576	10022	0	0
28505	3327	3200	10327	0	0	10318	832	0	10314	2495	1281	10312	833	2560	10301	832	640	10302	1663	1280	10305	831	1280	10320	831	1920
28506	1674	1920	10000	0	0	10328	842	0	10317	842	640	10319	10	640	10312	10	1280
28507	2496	1920	10315	0	0	10306	832	0	10304	834	640	10329	1664	2	10315	2	638	10323	833	1280
28511	3332	1920	10754	0	0	10736	832	0	10738	836	640	10736	1668	640	10749	1664	0	10755	2500	640	10750	1672	1280
28801	2496	1920	10671	0	0	10672	832	0	10673	1664	0	10678	0	640	10677	0	1280	10679	832	640	10676	832	1280	10674	1664	640	10675	1664	1280
28811	2496	1920	10651	0	0	10658	0	640	10657	0	1280	10652	832	0	10653	1664	0	10659	832	640	10656	832	1280	10654	1664	640	10655	1664	1280
28821	1664	2560	10651	0	0	10653	832	0	10658	0	640	10658	0	1280	10657	0	1920	10654	832	640	10654	832	1280	10655	832	1920
28822	1664	1920	10651	0	0	10653	832	0	10658	0	640	10654	832	640	10657	0	1280	10655	832	1280
28831	4160	1280	10671	0	0	10672	832	0	10672	1664	0	10672	2496	0	10673	3328	0	10677	0	640	10676	832	640	10676	1664	640	10676	2496	640	10675	3328	640
28832	1664	1920	10671	0	0	10673	832	0	10678	0	640	10677	0	1280	10674	832	640	10675	832	1280
28841	1664	1280	10671	0	0	10673	832	0	10677	0	640	10675	832	640
28842	2496	1280	10671	0	0	10672	832	0	10673	1664	0	10677	0	640	10676	832	640	10675	1664	640
28851	4160	1280	10671	0	0	10672	832	0	10672	1664	0	10672	2496	0	10673	3328	0	10677	0	640	10676	832	640	10676	1664	640	10676	2496	640	10675	3328	640
28861	2496	1920	10641	0	0	10642	832	0	10643	1664	0	10648	0	640	10621	832	640	10644	1664	640	10647	0	1280	10646	832	1280	10645	1664	1280
28862	3328	1280	10641	0	0	10642	832	0	10642	1664	0	10643	2496	0	10647	0	640	10646	832	640	10646	1664	640	10645	2496	640
29000	4928	3072	29000	0	0
29001	960	640	10509	0	0
29002	1280	960	50243	0	0
29003	1472	832	50174	0	0
29011	896	896	10508	0	0
29012	1280	960	50240	0	0
29013	1280	960	50244	0	0
29021	1280	832	50187	0	0
29031	1280	960	50251	0	0
29101	832	640	50236	0	0
29102	832	640	50236	0	0
29103	832	640	50237	0	0
29104	832	640	50237	0	0
29131	832	640	50238	0	0
29132	832	640	50238	0	0
29133	832	640	50136	0	0
29134	832	640	50239	0	0
29135	832	640	50239	0	0
29171	896	640	50216	0	0
29172	896	640	50234	0	0
29173	896	640	50235	0	0
29174	832	640	50186	0	0
29175	896	640	50234	0	0
29241	1280	960	50178	0	0
29261	832	640	50059	0	0
29281	1280	640	50046	0	0
29301	1280	960	50230	0	0
29302	1280	960	50231	0	0
29303	832	640	50175	0	0
29401	896	640	10456	0	0
29402	960	640	10454	0	0
29403	960	640	10458	0	0
29501	4160	1940	10000	0	0	10748	0	660	10752	835	1300	10742	1664	660	10737	2496	660	10751	2493	20	10755	3328	660	10736	832	661
29502	832	640	10797	0	0
29503	2496	3862	10000	0	0	10751	0	662	10735	0	1302	10749	832	1302	10732	0	1942	10735	0	2582	10752	0	3222	10731	832	2582	10739	1664	2582	10747	1658	1302	10753	1651	22	10732	1655	662	10732	1662	1942
29504	2515	1920	10000	0	0	10741	842	0	10755	1674	0	10733	846	640	10748	14	640	10749	1678	640	10737	851	1280	10754	19	1280	10755	1683	1280
29505	832	640	10791	0	0
29506	1671	1920	10748	0	0	10745	832	0	10732	835	640	10752	839	1280
29507	832	640	10792	0	0
29508	1683	1919	10000	0	0	10753	842	0	10739	846	640	10741	14	639	10743	19	1279	10749	851	1279
29511	3328	1280	10302	0	0	10306	832	0	10306	1664	0	10310	2496	0	10323	2496	640	10312	832	640	10312	1664	640
29512	2496	1920	10313	0	0	10305	0	640	10313	832	0	10312	0	1280	10302	1664	639	10303	832	640	10301	832	1280
29513	2505	1920	10000	0	0	10304	841	640	10315	9	640	10307	841	1280	10315	9	1280	10314	1673	1280	10301	842	0
29801	2496	1920	10671	0	0	10672	832	0	10673	1664	0	10678	0	640	10677	0	1280	10679	832	640	10676	832	1280	10674	1664	640	10675	1664	1280
29811	4992	1280	10671	0	0	10672	832	0	10672	1664	0	10672	2496	0	10677	0	640	10676	832	640	10676	1664	640	10676	2496	640	10672	3328	0	10673	4160	0	10676	3328	640	10675	4160	640
29812	4992	1280	10671	0	0	10672	832	0	10672	1664	0	10672	2496	0	10677	0	640	10676	832	640	10676	1664	640	10676	2496	640	10672	3328	0	10673	4160	0	10676	3328	640	10675	4160	640
29813	1280	832	50187	0	0
29814	2496	1280	10671	0	0	10672	832	0	10673	1664	0	10677	0	640	10676	832	640	10675	1664	640
29821	2496	1280	10671	0	0	10672	832	0	10673	1664	0	10677	0	640	10676	832	640	10675	1664	640
29822	1664	2560	10671	0	0	10678	0	640	10678	0	1280	10677	0	1920	10673	832	0	10674	832	640	10674	832	1280	10675	832	1920
29831	3328	1280	10671	0	0	10672	832	0	10672	1664	0	10673	2496	0	10677	0	640	10676	832	640	10676	1664	640	10675	2496	640
29841	2496	1920	10651	0	0	10658	0	640	10657	0	1280	10652	832	0	10653	1664	0	10659	832	640	10656	832	1280	10654	1664	640	10655	1664	1280
29842	1664	2560	10651	0	0	10653	832	0	10658	0	640	10658	0	1280	10657	0	1920	10654	832	640	10654	832	1280	10655	832	1920
29851	2496	1280	10671	0	0	10672	832	0	10673	1664	0	10677	0	640	10676	832	640	10675	1664	640
29861	1664	640	10444	0	0
29862	2496	2560	10671	0	0	10672	832	0	10673	1664	0	10678	0	640	10678	0	1280	10677	0	1920	10679	832	640	10679	832	1280	10676	832	1920	10674	1664	640	10674	1664	1280	10675	1664	1920
29871	4160	1280	10671	0	0	10672	832	0	10672	1664	0	10672	2496	0	10673	3328	0	10677	0	640	10676	832	640	10676	1664	640	10676	2496	640	10675	3328	640
30000	4672	3712	30000	0	0
30001	896	640	50254	0	0
30002	1280	640	50256	0	0
30003	1280	960	50263	0	0
30004	1280	960	50255	0	0
30005	1600	640	51102	0	0
30006	1600	640	51103	0	0
30011	1728	1024	50062	0	0
30012	1728	1024	50062	0	0
30021	896	640	50268	0	0
30022	1280	960	50257	0	0
30023	1280	960	50267	0	0
30024	1280	640	50266	0	0
30025	1280	960	51100	0	0
30031	1280	960	51105	0	0
30041	1280	960	51106	0	0
30101	896	640	50264	0	0
30102	896	640	50213	0	0
30103	896	640	50258	0	0
30104	896	640	50258	0	0
30105	832	640	50253	0	0
30106	832	640	50253	0	0
30107	1280	960	50143	0	0
30108	896	640	50264	0	0
30131	896	640	50265	0	0
30132	896	640	50259	0	0
30133	896	640	50265	0	0
30134	896	640	50214	0	0
30135	896	640	50214	0	0
30136	896	640	50259	0	0
30137	896	640	50259	0	0
30138	896	640	50259	0	0
30139	832	640	50252	0	0
30171	832	640	50252	0	0
30172	832	640	50252	0	0
30173	832	640	50071	0	0
30174	1280	960	50261	0	0
30201	896	640	50264	0	0
30241	896	640	50258	0	0
30242	896	640	50264	0	0
30261	832	640	50059	0	0
30262	896	640	50264	0	0
30301	832	640	50012	0	0
30302	1280	960	50260	0	0
30303	1280	960	50261	0	0
30401	1280	960	51107	0	0
30402	832	640	50269	0	0
30403	1280	960	51108	0	0
30411	832	1024	51036	0	0
30412	1600	640	50043	0	0
30413	2496	1920	10622	0	0	10623	832	0	10624	1664	0	10629	0	640	10621	832	640	10625	1664	640	10628	0	1280	10627	832	1280	10626	1664	1280
30421	2496	1920	10031	0	0	10032	832	0	10033	1664	0	10034	1664	640	10035	0	640	10036	0	1280	10037	832	1280	10039	832	640	10038	1664	1280
30422	896	640	51098	0	0
30431	896	640	51094	0	0
30432	896	640	51095	0	0
30441	1280	960	51099	0	0
30451	1280	960	51104	0	0
30461	1280	960	10447	0	0
30462	2496	1280	10651	0	0	10652	832	0	10653	1664	0	10657	0	640	10656	832	640	10655	1664	640
30463	3328	1920	10651	0	0	10658	0	640	10657	0	1280	10652	832	0	10659	832	640	10656	832	1280	10652	1664	0	10659	1664	640	10656	1664	1280	10653	2496	0	10654	2496	640	10655	2496	1280
30464	1664	2560	10651	0	0	10653	832	0	10658	0	640	10654	832	640	10658	0	1280	10654	832	1280	10657	0	1920	10655	832	1920
30465	3328	1920	10651	0	0	10658	0	640	10657	0	1280	10652	832	0	10659	832	640	10656	832	1280	10652	1664	0	10659	1664	640	10656	1664	1280	10653	2496	0	10654	2496	640	10655	2496	1280
30466	1664	1920	10651	0	0	10653	832	0	10658	0	640	10657	0	1280	10654	832	640	10655	832	1280
30467	1280	960	10450	0	0
30471	1664	1164	10421	0	0
30472	1600	640	10411	0	0
30473	1280	640	10428	0	0
30474	1280	896	50131	0	0
30481	1600	1088	10414	0	0
30482	1664	1920	10651	0	0	10653	832	0	10658	0	640	10657	0	1280	10654	832	640	10655	832	1280
30483	1600	1088	10413	0	0
30511	2496	1280	10716	0	0	10720	0	640	10706	832	0	10722	832	640	10725	1664	0	10726	1664	640
30512	2496	1280	10726	0	0	10724	0	640	10723	832	0	10707	832	640	10726	1664	0	10725	1664	640
30513	832	640	10728	0	0
30514	832	640	10727	0	0
30515	1664	1280	10331	0	0
30516	2496	1280	10724	0	0	10706	832	0	10725	1664	0	10726	0	640	10722	832	640	10726	1664	640
30517	1664	640	10724	0	0	10725	832	0
30518	832	640	10728	0	0
30519	1664	640	10718	0	0	10725	832	0
30521	2496	1920	10328	0	0	10305	0	640	10326	0	1280	10303	832	640	10319	832	0	10316	832	1280	10314	1664	0	10325	1664	640	10314	1664	1280
30522	768	576	10023	0	0
30523	768	576	10021	0	0
30524	1664	640	10327	0	0	10314	832	0
30525	1664	640	10327	0	0	10314	832	0
30526	1664	1920	10319	0	0	10314	832	0	10305	0	640	10325	832	640	10316	0	1280	10314	832	1280
30527	2496	640	10327	0	0	10321	832	0	10329	1664	0
30528	2496	1280	10311	0	0	10312	0	640	10306	832	0	10308	832	640	10329	1664	0	10314	1664	640
30531	1664	3200	10327	0	0	10310	832	0	10320	832	640	10313	0	640	10305	0	1280	10309	832	1280	10305	0	1920	10318	832	1920	10312	0	2560	10323	832	2560
30532	768	576	10022	0	0
30533	832	1280	10322	0	0	10326	0	640
30534	2496	1280	10327	0	0	10310	832	0	10328	1664	0	10315	0	640	10307	832	640	10317	1664	640
30535	768	576	10025	0	0
30536	832	1280	10313	0	0	10326	0	640
30537	1664	640	10315	0	0	10329	832	0
30538	1664	1920	10313	0	0	10305	0	640	10316	0	1280	10329	832	1280	10309	832	640	10328	832	0
30539	2496	1920	10327	0	0	10306	832	0	10329	1664	0	10311	0	640	10303	832	640	10310	1664	640	10312	0	1280	10301	832	1280	10312	1664	1280
30540	576	384	10009	0	0
30541	1664	640	10392	0	0	10394	832	0
30542	2496	1920	10000	0	0	10392	0	640	10393	832	0	10000	0	1280	10373	832	640	10395	832	1280	10000	1664	0	10394	1664	640	10000	1664	1280
30543	832	640	10398	0	0
30544	1664	640	10392	0	0	10384	832	0
30545	832	640	10367	0	0
30546	832	640	10397	0	0
30547	1664	640	10392	0	0	10384	832	0
30548	832	1280	10393	0	0	10382	0	640
30549	1664	640	10392	0	0	10394	832	0
30551	2496	2560	10393	0	0	10386	0	640	10377	832	640	10389	832	0	10384	1664	0	10388	1664	640	10390	1664	1280	10387	1664	1920	10386	832	1920	10388	832	1280	10381	0	1280	10395	0	1920
30552	1664	1280	10392	0	0	10380	832	0	10395	832	640
30553	832	640	10398	0	0
30554	3328	1280	10392	0	0	10372	832	0	10380	1664	0	10377	1664	640	10391	832	640	10385	0	640	10387	2496	640	10393	2496	0
30555	832	640	10397	0	0
30556	1664	2560	10389	0	0	10394	832	0	10371	0	640	10375	0	1280	10379	832	1280	10383	832	640	10386	0	1920	10394	832	1920
30557	832	1280	10393	0	0	10395	0	640
30558	832	640	10399	0	0
30559	1664	1920	10381	0	0	10384	832	0	10375	0	640	10394	832	640	10386	0	1280	10394	832	1280
30561	2496	3200	10385	0	0	10376	832	0	10394	1664	0	10374	832	640	10385	0	640	10379	832	1280	10392	0	1280	10392	0	1920	10380	832	1920	10386	832	2560	10387	1664	2560	10393	1664	1920
30562	3328	1920	10000	0	0	10392	832	0	10380	1664	0	10373	1664	640	10387	2496	640	10383	2496	0	10376	832	640	10389	0	640	10395	0	1280	10382	832	1280	10378	1664	1280	10394	2496	1280
30563	1664	640	10392	0	0	10384	832	0
30564	1664	1920	10389	0	0	10384	832	0	10375	0	640	10394	832	640	10378	0	1280	10394	832	1280
30571	1664	1280	10393	0	0	10386	0	640	10394	832	640	10000	832	0
30572	1664	1920	10381	0	0	10394	832	0	10375	0	640	10388	832	640	10382	0	1280	10395	832	1280
30573	2496	1280	10392	0	0	10376	832	0	10384	1664	0	10392	0	640	10377	832	640	10394	1664	640
30574	1664	1920	10392	0	0	10388	832	0	10381	0	640	10374	832	640	10395	0	1280	10382	832	1280
30575	832	1280	10393	0	0	10395	0	640
30576	1664	1280	10389	0	0	10384	832	0	10378	0	640	10394	832	640
30581	2496	1280	10392	0	0	10376	832	0	10380	1664	0	10392	0	640	10387	832	640	10382	1664	640
30582	1664	2560	10385	0	0	10380	832	0	10374	832	640	10392	0	640	10387	832	1280	10389	0	1280	10378	0	1920	10394	832	1920
30583	832	640	10396	0	0
30584	832	1280	10383	0	0	10395	0	640
30585	832	640	10398	0	0
30586	832	640	10370	0	0
30587	832	1280	10393	0	0	10395	0	640
30591	768	576	10027	0	0
30592	2496	1280	10324	0	0	10310	832	0	10328	1664	0	10315	0	640	10307	832	640	10309	1664	640
30601	832	1280	10301	0	0	10323	0	640
30602	768	576	10025	0	0
30603	768	576	10008	0	0
30604	1664	640	10327	0	0	10329	832	0
30605	2496	1920	10327	0	0	10306	832	0	10314	1664	0	10305	832	640	10000	0	640	10327	0	1280	10307	832	1280	10329	1664	640	10314	1664	1280
30606	1664	640	10327	0	0	10314	832	0
30607	1664	640	10327	0	0	10329	832	0
30608	1664	640	10327	0	0	10329	832	0
30609	1664	2560	10328	0	0	10316	0	640	10313	832	0	10304	832	640	10317	832	1280	10311	0	1280	10308	0	1920	10329	832	1920
30610	768	576	10019	0	0
30611	1664	640	10327	0	0	10329	832	0
30612	768	576	10021	0	0
30613	4160	1920	10313	0	0	10305	0	640	10312	0	1280	10311	832	0	10304	832	640	10326	832	1280	10306	1664	0	10358	1664	640	10352	1664	1280	10321	2496	0	10360	2496	1280	10310	3328	0	10317	3328	640	10315	2496	640	10329	3328	1280
30801	896	640	50254	0	0
30802	1280	640	50256	0	0
30803	1664	2560	10681	0	0	10683	832	0	10684	0	640	10686	832	640	10684	0	1280	10686	832	1280	10687	0	1920	10689	832	1920
30804	1280	960	50263	0	0
30805	1088	832	50189	0	0
30806	832	640	50190	0	0
30807	832	640	50191	0	0
30811	896	640	50268	0	0
30812	3328	1280	10681	0	0	10682	832	0	10682	1664	0	10683	2496	0	10687	0	640	10688	832	640	10688	1664	640	10689	2496	640
30813	1280	640	50266	0	0
30814	1280	960	50255	0	0
30815	1088	832	50189	0	0
30816	832	640	50190	0	0
30817	832	640	50190	0	0
30821	832	640	10201	0	0
30822	3328	1280	10681	0	0	10682	832	0	10682	1664	0	10683	2496	0	10687	0	640	10688	832	640	10688	1664	640	10689	2496	640
30823	1280	960	51100	0	0
30824	1280	640	50256	0	0
30825	1088	832	50189	0	0
30826	832	640	50191	0	0
30831	1664	2560	10681	0	0	10683	832	0	10684	0	640	10686	832	640	10684	0	1280	10686	832	1280	10687	0	1920	10689	832	1920
30832	2496	1920	10681	0	0	10682	832	0	10683	1664	0	10684	0	640	10685	832	640	10686	1664	640	10687	0	1280	10688	832	1280	10689	1664	1280
30841	3328	1280	10681	0	0	10682	832	0	10682	1664	0	10683	2496	0	10687	0	640	10688	832	640	10688	1664	640	10689	2496	640
30842	2496	1920	10681	0	0	10682	832	0	10683	1664	0	10684	0	640	10685	832	640	10686	1664	640	10687	0	1280	10688	832	1280	10689	1664	1280
30843	4160	1280	10681	0	0	10687	0	640	10682	832	0	10688	832	640	10682	1664	0	10688	1664	640	10682	2496	0	10688	2496	640	10683	3328	0	10689	3328	640
30844	960	768	50192	0	0
30851	2496	1920	10681	0	0	10682	832	0	10683	1664	0	10684	0	640	10685	832	640	10686	1664	640	10687	0	1280	10688	832	1280	10689	1664	1280
30852	2496	1280	10681	0	0	10682	832	0	10683	1664	0	10687	0	640	10688	832	640	10689	1664	640
30853	3328	1280	10681	0	0	10682	832	0	10682	1664	0	10683	2496	0	10687	0	640	10688	832	640	10688	1664	640	10689	2496	640
30861	3328	1280	10681	0	0	10682	832	0	10682	1664	0	10683	2496	0	10687	0	640	10688	832	640	10688	1664	640	10689	2496	640
30862	2496	1920	10681	0	0	10682	832	0	10683	1664	0	10684	0	640	10685	832	640	10686	1664	640	10687	0	1280	10688	832	1280	10689	1664	1280
30863	1664	2560	10681	0	0	10683	832	0	10684	0	640	10686	832	640	10684	0	1280	10686	832	1280	10687	0	1920	10689	832	1920
30871	1664	3840	10681	0	0	10683	832	0	10684	0	640	10686	832	640	10684	0	1280	10686	832	1280	10684	0	1920	10686	832	1920	10684	0	2560	10686	832	2560	10687	0	3200	10689	832	3200
30872	1664	3840	10681	0	0	10683	832	0	10684	0	640	10686	832	640	10684	0	1280	10686	832	1280	10684	0	1920	10686	832	1920	10684	0	2560	10686	832	2560	10687	0	3200	10689	832	3200
30873	1664	3840	10681	0	0	10683	832	0	10684	0	640	10686	832	640	10684	0	1280	10686	832	1280	10684	0	1920	10686	832	1920	10684	0	2560	10686	832	2560	10687	0	3200	10689	832	3200
30874	1280	960	50143	0	0
30881	1280	960	51091	0	0
30882	1280	960	51092	0	0
30891	4160	1280	10641	0	0	10642	832	0	10642	1664	0	10642	2496	0	10643	3328	0	10647	0	640	10646	832	640	10646	1664	640	10646	2496	640	10645	3328	640
30892	1664	3200	10641	0	0	10643	832	0	10648	0	640	10648	0	1280	10691	0	1920	10647	0	2560	10644	832	640	10644	832	1280	10692	832	1920	10645	832	2560
30893	1280	960	10212	0	0
30894	960	960	51026	0	0
30895	1600	640	51103	0	0
30896	1600	640	51102	0	0
30897	896	640	51101	0	0
30901	2496	1920	10641	0	0	10642	832	0	10643	1664	0	10648	0	640	10621	832	640	10644	1664	640	10647	0	1280	10646	832	1280	10645	1664	1280
30902	2496	1920	10641	0	0	10648	0	640	10647	0	1280	10642	832	0	10621	832	640	10646	832	1280	10643	1664	0	10644	1664	640	10645	1664	1280
30903	1280	960	51020	0	0
30911	3328	2560	10071	0	0	10072	832	0	10072	1664	0	10073	2496	0	10076	0	640	10075	832	640	10075	1664	640	10074	2496	640	10076	0	1280	10075	832	1280	10075	1664	1280	10074	2496	1280	10077	0	1920	10078	832	1920	10078	1664	1920	10079	2496	1920
30912	2496	1920	10071	0	0	10072	832	0	10073	1664	0	10076	0	640	10077	0	1280	10075	832	640	10074	1664	640	10078	832	1280	10079	1664	1280
30921	3328	1280	10071	0	0	10072	832	0	10072	1664	0	10073	2496	0	10077	0	640	10078	832	640	10078	1664	640	10079	2496	640
30922	1664	1920	10071	0	0	10073	832	0	10076	0	640	10074	832	640	10077	0	1280	10079	832	1280
30931	2496	1920	10681	0	0	10682	832	0	10683	1664	0	10684	0	640	10685	832	640	10686	1664	640	10687	0	1280	10688	832	1280	10689	1664	1280
30932	2496	1920	10681	0	0	10682	832	0	10683	1664	0	10684	0	640	10687	0	1280	10685	832	640	10686	1664	640	10688	832	1280	10689	1664	1280
30933	1664	1280	10681	0	0	10683	832	0	10687	0	640	10689	832	640
30934	2496	1920	10681	0	0	10682	832	0	10683	1664	0	10684	0	640	10687	0	1280	10685	832	640	10686	1664	640	10688	832	1280	10689	1664	1280
30941	1280	960	10451	0	0
30942	3328	1280	10551	0	0	10552	832	0	10552	1664	0	10553	2496	0	10557	0	640	10556	832	640	10556	1664	640	10555	2496	640
30943	1664	1280	10622	0	0	10628	0	640	10624	832	0	10626	832	640
30944	1664	1280	10622	0	0	10628	0	640	10624	832	0	10626	832	640
30945	1664	1280	10622	0	0	10628	0	640	10624	832	0	10626	832	640
30946	1664	1280	10622	0	0	10628	0	640	10624	832	0	10626	832	640
30947	1664	1280	10622	0	0	10628	0	640	10624	832	0	10626	832	640
30948	3328	3200	10551	0	0	10552	832	0	10552	1664	0	10553	2496	0	10554	2496	640	10558	0	640	10558	0	1280	10558	0	1920	10557	0	2560	10556	832	2560	10559	832	640	10559	832	1280	10559	832	1920	10559	1664	640	10559	1664	1280	10554	2496	1280	10559	1664	1920	10556	1664	2560	10554	2496	1920	10555	2496	2560
30949	2496	1920	10031	0	0	10035	0	640	10036	0	1280	10032	832	0	10033	1664	0	10039	832	640	10037	832	1280	10034	1664	640	10038	1664	1280
31000	3520	3264	31000	0	0
31001	1280	960	50018	0	0
31011	1600	1152	50195	0	0
31021	1280	832	50187	0	0
31061	896	640	50295	0	0
31062	1280	960	50290	0	0
31063	1280	960	50293	0	0
31064	1280	960	50292	0	0
31065	1280	960	50291	0	0
31066	1280	960	50297	0	0
31067	1280	960	50296	0	0
31071	1280	960	50300	0	0
31072	896	640	50284	0	0
31073	896	640	50282	0	0
31074	896	640	50285	0	0
31101	832	640	50148	0	0
31130	800	600	50086	0	0
31131	832	640	50004	0	0
31132	832	640	50149	0	0
31133	832	640	50004	0	0
31134	832	640	50129	0	0
31135	832	640	50186	0	0
31136	832	640	50186	0	0
31137	832	640	50185	0	0
31138	832	640	50183	0	0
31139	832	640	50184	0	0
31140	832	640	50149	0	0
31141	832	640	50184	0	0
31171	832	640	50006	0	0
31172	832	640	50186	0	0
31173	896	640	50286	0	0
31174	896	640	50287	0	0
31175	896	640	50289	0	0
31176	896	640	50287	0	0
31177	896	640	50289	0	0
31178	832	640	50186	0	0
31179	832	640	50185	0	0
31241	1280	960	50177	0	0
31242	1280	960	50178	0	0
31401	1088	640	10439	0	0
31402	832	960	10415	0	0
31403	2496	1920	10622	0	0	10623	832	0	10624	1664	0	10629	0	640	10628	0	1280	10621	832	640	10625	1664	640	10627	832	1280	10626	1664	1280
31404	2496	1920	10622	0	0	10623	832	0	10624	1664	0	10629	0	640	10628	0	1280	10621	832	640	10625	1664	640	10627	832	1280	10626	1664	1280
31405	832	960	10416	0	0
31411	1280	960	51116	0	0
31412	1280	960	51117	0	0
31413	1280	960	51118	0	0
31414	1280	960	51115	0	0
31415	1280	960	51114	0	0
31416	1600	640	50043	0	0
31417	1280	896	50028	0	0
31421	2496	1920	10622	0	0	10623	832	0	10624	1664	0	10629	0	640	10628	0	1280	10621	832	640	10625	1664	640	10627	832	1280	10626	1664	1280
31422	1280	960	51030	0	0
31423	2496	640	10324	0	0	10302	832	0	10325	1664	0
31424	2496	1920	10622	0	0	10623	832	0	10624	1664	0	10629	0	640	10628	0	1280	10621	832	640	10625	1664	640	10627	832	1280	10626	1664	1280
31425	2496	1920	10622	0	0	10629	0	640	10628	0	1280	10623	832	0	10624	1664	0	10697	832	640	10694	832	1280	10692	1664	640	10626	1664	1280
31501	1664	1280	10311	0	0	10323	0	640	10329	832	0	10000	832	640
31502	2496	1280	10000	0	0	10307	832	640	10313	832	0	10000	1664	0	10329	1664	640	10327	0	640
31503	2496	2560	10313	0	0	10316	0	1280	10318	832	0	10305	832	640	10307	832	1280	10321	832	1920	10000	1664	0	10314	1664	640	10310	1664	1280	10309	1664	1920	10327	0	0	10327	0	1920	10313	0	640
31504	1664	1280	10328	0	0	10316	0	640	10000	832	0	10314	832	640
31505	768	576	10023	0	0
31506	1664	1280	10311	0	0	10323	0	640	10329	832	0	10000	832	640
31511	832	1280	10328	0	0	10323	0	640
31512	1664	1280	10319	0	0	10326	0	640	10329	832	0	10000	832	640
31513	2496	1281	10000	0	0	10327	0	0	10000	0	640	10306	832	1	10312	832	641	10329	1664	0	10000	1664	640
31514	768	576	10021	0	0
31515	832	1280	10313	0	0	10326	0	640
31516	2496	2560	10327	0	0	10000	0	640	10315	0	1280	10000	0	1920	10318	832	0	10305	832	640	10304	832	1280	10313	1664	0	10317	1664	640	10000	1664	1280	10000	1664	1920	10301	831	1920
31517	1664	1280	10000	0	0	10328	832	0	10327	0	640	10317	832	640
31518	768	576	10023	0	0
31519	1664	1280	10328	0	0	10316	0	640	10000	832	0	10329	832	640
31520	1664	640	10327	0	0	10314	832	0
31521	2496	1280	10327	0	0	10306	832	0	10329	1664	0	10326	832	640	10000	0	640	10000	1664	640
31522	768	576	10017	0	0
31523	1664	640	10315	0	0	10329	832	0
31524	2496	1280	10000	0	0	10327	0	640	10319	832	0	10307	832	640	10314	1664	0	10329	1664	640
31525	1664	640	10315	0	0	10329	832	0
31531	1664	1280	10322	0	0	10308	0	640	10000	832	0	10325	832	640
31532	2496	2560	10313	0	0	10308	0	640	10322	832	0	10303	832	640	10313	1664	0	10309	1664	640	10311	0	1280	10307	832	1280	10310	1664	1280	10312	0	1920	10000	832	1920	10323	1664	1920
31533	2496	1920	10305	0	0	10303	832	640	10304	1664	640	10312	0	1280	10323	832	1280	10312	1664	1280	10301	0	0	10301	832	0	10301	1664	0	10305	0	640
31534	2496	1920	10313	0	0	10305	0	640	10311	832	0	10325	1664	0	10307	832	640	10310	1664	640	10315	832	1280	10309	1664	1280	10301	0	1280
31535	2496	2560	10322	0	0	10305	0	640	10305	0	1280	10312	0	1920	10311	832	0	10309	832	640	10306	832	1280	10314	1664	0	10313	1664	640	10304	1664	1280	10312	1664	1920	10301	832	1920
31536	3328	1920	10315	0	0	10311	0	640	10312	0	1280	10306	832	0	10304	832	640	10323	832	1280	10321	1664	0	10310	2496	0	10311	1664	640	10304	2496	640	10312	1664	1280	10301	2496	1280
31537	3328	2560	10324	0	0	10306	832	0	10314	1664	0	10315	0	640	10315	0	1280	10315	0	1920	10303	832	640	10307	832	1280	10321	832	1920	10306	1664	640	10307	1664	1280	10321	1664	1920	10309	2496	640	10310	2496	1280	10309	2496	1920	10301	2496	0
31538	2496	2560	10315	0	0	10310	832	0	10315	0	640	10311	0	1280	10312	0	1920	10307	832	640	10306	832	1280	10323	832	1920	10304	1664	640	10304	1664	1280	10312	1664	1920	10301	1664	0
31539	3328	1920	10315	0	0	10310	1664	0	10322	2496	0	10320	0	640	10313	832	640	10305	1664	640	10304	2496	640	10308	0	1280	10307	832	1280	10309	1664	1280	10312	2496	1280	10301	0	0	10315	832	0
31540	4160	2560	10315	0	0	10313	0	640	10305	0	1280	10310	832	0	10320	832	640	10303	832	1280	10312	832	1920	10311	1664	0	10301	1664	640	10303	1664	1280	10321	2496	0	10325	3328	0	10311	2496	640	10310	3328	640	10303	2496	1280	10312	2496	1920	10304	3328	1280	10301	0	1920	10301	1664	1920	10301	3328	1920
31541	1664	640	10324	0	0	10325	832	0
31542	2496	1920	10324	0	0	10306	832	0	10314	1664	0	10315	0	640	10315	0	1280	10303	832	640	10307	832	1280	10325	1664	640	10314	1664	1280
31543	1664	640	10324	0	0	10325	832	0
31544	4160	1920	10315	0	0	10310	832	0	10313	1664	0	10311	2496	0	10325	3328	0	10324	0	640	10315	0	1280	10303	832	640	10303	1664	640	10304	2496	640	10313	3328	640	10309	832	1280	10312	1664	1280	10308	2496	1280	10309	3328	1280
31545	2496	1920	10041	0	0	10042	832	0	10043	1664	0	10046	0	640	10047	0	1280	10045	832	640	10048	832	1280	10044	1664	640	10049	1664	1280
31801	2496	1280	10622	0	0	10623	832	0	10624	1664	0	10628	0	640	10627	832	640	10626	1664	640
31806	1664	1921	10671	0	0	10678	0	640	10677	0	1280	10673	832	1	10674	832	641	10675	832	1281
31807	2496	1280	10671	0	0	10672	832	0	10673	1664	0	10677	0	640	10676	832	640	10675	1664	640
31808	3328	1280	10671	0	0	10672	832	0	10672	1664	0	10673	2496	0	10677	0	640	10676	832	640	10676	1664	640	10675	2496	640
31811	1280	896	50198	0	0
31812	1664	1280	10641	0	0	10643	832	0	10647	0	640	10645	832	640
31813	2496	1920	10641	0	0	10642	832	0	10643	1664	0	10644	1664	640	10645	1664	1280	10646	832	1280	10647	0	1280	10648	0	640	10621	832	640
31814	1664	1280	10641	0	0	10643	832	0	10647	0	640	10645	832	640
31815	1664	1280	10641	0	0	10643	832	0	10647	0	640	10645	832	640
31816	1664	1280	10641	0	0	10643	832	0	10647	0	640	10645	832	640
31817	832	640	10208	0	0
31818	1280	960	10450	0	0
31819	1664	1280	10622	0	0	10628	0	640	10624	832	0	10626	832	640
31820	2496	1920	10622	0	0	10623	832	0	10624	1664	0	10629	0	640	10621	832	640	10625	1664	640	10628	0	1280	10627	832	1280	10626	1664	1280
31821	1664	1280	10622	0	0	10628	0	640	10624	832	0	10626	832	640
31822	1280	960	50222	0	0
31823	896	640	50280	0	0
32000	3968	2752	32000	0	0
32001	896	640	50272	0	0
32002	1280	960	50274	0	0
32011	1280	960	50275	0	0
32021	1280	960	50275	0	0
32101	896	640	50279	0	0
32102	896	640	50280	0	0
32103	896	640	50280	0	0
32131	896	640	50278	0	0
32132	896	640	50277	0	0
32133	896	640	50278	0	0
32134	832	640	50184	0	0
32201	896	640	50278	0	0
32241	896	640	50277	0	0
32261	896	640	50277	0	0
32401	1280	960	51093	0	0
32411	1664	1280	10671	0	0	10673	832	0	10677	0	640	10675	832	640
32412	1664	1921	10671	0	0	10678	0	640	10677	0	1280	10673	832	1	10674	832	641	10675	832	1281
32413	2496	1280	10671	0	0	10672	832	0	10673	1664	0	10677	0	640	10676	832	640	10675	1664	640
32414	2496	1280	10671	0	0	10672	832	0	10673	1664	0	10677	0	640	10676	832	640	10675	1664	640
32415	1664	1280	10671	0	0	10673	832	0	10677	0	640	10675	832	640
32416	896	640	50277	0	0
32501	3337	2563	10000	0	0	10327	841	1	10306	1673	3	10329	2505	5	10305	1673	643	10304	1674	1283	10321	842	1283	10315	10	1283	10314	2505	643	10323	1674	1923
32502	3328	1942	10000	0	0	10303	832	662	10313	833	22	10312	831	1302	10302	1664	662	10302	2496	662	10327	0	662
32503	768	576	10025	0	0
32504	1664	1920	10305	0	0	10308	0	1280	10314	832	640	10314	832	1280	10328	0	0	10305	0	640
32505	1664	641	10315	0	0	10329	832	1
32506	832	1280	10328	0	0	10326	0	640
32507	768	576	10025	0	0
32508	768	384	10002	0	0
32509	832	1920	10313	0	0	10320	0	640	10326	0	1280
32510	3328	1942	10000	0	0	10303	832	662	10313	833	22	10312	831	1302	10302	1664	662	10302	2496	662	10327	0	662
32511	1664	641	10302	0	0	10329	832	1
32512	1664	641	10302	0	0	10329	832	1
32513	768	576	10023	0	0
32514	1664	641	10302	0	0	10329	832	1	10327	0	0
32515	1664	641	10302	0	0	10329	832	1	10327	0	0
32516	768	576	10021	0	0
32517	832	1280	10328	0	0	10312	0	640
32518	832	1280	10313	0	0	10326	0	640
32519	4160	3221	10000	0	0	10327	0	661	10306	832	661	10307	1664	661	10313	1664	21	10318	2496	661	10304	832	1301	10315	0	1301	10307	832	1941	10327	0	1941	10306	1664	1941	10312	1664	2581	10317	2496	1940	10303	2496	1301	10315	1664	1301	10329	3328	1301
32520	1664	642	10327	0	0	10314	832	2
32531	1664	642	10324	0	0	10329	832	2
32532	2496	1940	10000	0	0	10303	832	660	10328	831	21	10329	1664	662	10327	0	660	10326	833	1300
32533	4160	3241	10000	0	0	10000	0	661	10327	0	1321	10303	832	1321	10314	1664	1321	10311	832	681	10307	1664	681	10313	1664	41	10307	2496	681	10313	2496	41	10310	3328	681	10304	3328	1321	10315	2496	1321	10308	832	1961	10306	1664	1961	10306	2496	1961	10309	3328	1961	10312	1664	2601	10312	2496	2601
32534	1664	2560	10328	0	0	10305	0	640	10305	0	1280	10312	0	1920	10314	832	640	10314	832	1280
32535	2496	1921	10315	0	0	10306	832	1	10314	1664	0	10303	832	641	10315	0	641	10314	1664	641	10326	832	1281
32541	3328	2560	10000	0	0	10392	0	640	10389	832	0	10373	832	640	10391	1664	0	10392	0	1280	10385	0	1920	10377	832	1280	10391	832	1920	10394	2496	0	10372	1664	640	10384	2496	640	10372	1664	1280	10380	2496	1280	10372	1664	1920	10379	2496	1920
32542	2496	2560	10383	0	0	10375	0	640	10378	0	1280	10000	0	1920	10381	832	0	10377	832	640	10376	832	1280	10395	832	1920	10384	1664	0	10394	1664	640	10394	1664	1280	10000	1664	1920
32543	2496	1280	10000	0	0	10393	832	0	10392	0	640	10377	832	640	10000	1664	0	10394	1664	640
32544	832	640	10368	0	0
32545	832	640	10399	0	0
32546	2496	1920	10381	0	0	10391	832	0	10384	1664	0	10378	0	640	10376	832	640	10394	1664	640	10000	0	1280	10395	832	1280	10000	1664	1280
32547	2496	1920	10383	0	0	10386	0	640	10385	0	1280	10393	832	0	10373	832	640	10387	832	1280	10000	1664	0	10394	1664	640	10000	1664	1280
32548	2496	1920	10392	0	0	10376	832	0	10380	1664	0	10382	1664	640	10371	832	640	10000	0	640	10000	0	1280	10395	832	1280	10000	1664	1280
32549	1664	1280	10393	0	0	10000	832	0	10378	0	640	10394	832	640
32550	2496	1920	10392	0	0	10392	0	640	10000	0	1280	10376	832	0	10373	832	640	10395	832	1280	10384	1664	0	10388	1664	640	10382	1664	1280
32551	2496	1920	10378	0	0	10385	832	640	10391	832	1280	10394	1664	640	10394	1664	1280	10389	0	0	10390	0	640	10391	832	0	10394	1664	0	10378	0	1280
32552	2496	1920	10000	0	0	10385	0	640	10392	0	1280	10393	832	0	10373	832	640	10377	832	1280	10000	1664	0	10384	1664	640	10394	1664	1280
32553	832	640	10398	0	0
32554	832	640	10367	0	0
32555	2496	1920	10385	0	0	10391	832	0	10388	1664	0	10392	0	640	10000	0	1280	10376	832	640	10387	1664	640	10395	832	1280	10000	1664	1280
32556	2496	2560	10392	0	0	10389	0	1280	10386	0	1920	10384	1664	640	10377	832	1280	10388	1664	1280	10384	832	1920	10382	1664	1920	10000	0	0	10393	832	0	10000	1664	0	10373	832	640	10392	0	640
32557	2496	1920	10000	0	0	10392	0	640	10000	0	1280	10389	832	0	10374	832	640	10395	832	1280	10394	1664	0	10000	1664	640	10000	1664	1280
32558	2496	1920	10000	0	0	10393	832	0	10000	1664	0	10389	0	640	10395	0	1280	10377	832	640	10000	832	1280	10388	1664	640	10395	1664	1280
32559	1664	1920	10393	0	0	10375	0	640	10395	0	1280	10383	832	0	10387	832	640	10000	832	1280
32560	2496	1280	10000	0	0	10385	0	640	10393	832	0	10377	832	640	10000	1664	0	10384	1664	640
32561	2496	1280	10000	0	0	10385	0	640	10393	832	0	10377	832	640	10000	1664	0	10384	1664	640
32801	1664	1280	10622	0	0	10628	0	640	10624	832	0	10626	832	640
32811	2496	1920	10622	0	0	10623	832	0	10624	1664	0	10629	0	640	10628	0	1280	10621	832	640	10625	1664	640	10627	832	1280	10626	1664	1280
32812	2496	1920	10622	0	0	10693	832	0	10691	0	640	10700	832	640	10643	1664	0	10644	1664	640	10647	0	1280	10646	832	1280	10645	1664	1280
32813	2496	1920	10622	0	0	10623	832	0	10624	1664	0	10629	0	640	10628	0	1280	10621	832	640	10625	1664	640	10627	832	1280	10626	1664	1280
32821	4992	1280	10671	0	0	10672	832	0	10672	1664	0	10672	2496	0	10677	0	640	10676	832	640	10676	1664	640	10676	2496	640	10672	3328	0	10673	4160	0	10676	3328	640	10675	4160	640
32822	1664	1921	10671	0	0	10678	0	640	10677	0	1280	10673	832	1	10674	832	641	10675	832	1281
32823	2496	1280	10671	0	0	10672	832	0	10673	1664	0	10677	0	640	10676	832	640	10675	1664	640
32831	1664	1280	10671	0	0	10673	832	0	10677	0	640	10675	832	640
32832	2496	1920	10671	0	0	10672	832	0	10673	1664	0	10678	0	640	10677	0	1280	10679	832	640	10676	832	1280	10674	1664	640	10675	1664	1280
32833	2496	1920	10671	0	0	10672	832	0	10673	1664	0	10678	0	640	10677	0	1280	10679	832	640	10676	832	1280	10674	1664	640	10675	1664	1280
32834	1664	1280	10671	0	0	10673	832	0	10677	0	640	10675	832	640
32835	1664	640	10444	0	0
32836	2496	1920	10671	0	0	10672	832	0	10673	1664	0	10678	0	640	10677	0	1280	10679	832	640	10676	832	1280	10674	1664	640	10675	1664	1280
32837	1664	1280	10671	0	0	10673	832	0	10677	0	640	10675	832	640
32838	2496	1920	10671	0	0	10672	832	0	10673	1664	0	10678	0	640	10677	0	1280	10679	832	640	10676	832	1280	10674	1664	640	10675	1664	1280
32839	1280	960	51128	0	0
32840	2496	1920	10671	0	0	10672	832	0	10673	1664	0	10678	0	640	10677	0	1280	10679	832	640	10676	832	1280	10674	1664	640	10675	1664	1280
32841	1664	1280	10671	0	0	10673	832	0	10677	0	640	10675	832	640
32842	2496	1920	10671	0	0	10672	832	0	10673	1664	0	10678	0	640	10677	0	1280	10679	832	640	10676	832	1280	10674	1664	640	10675	1664	1280
32843	1664	1280	10671	0	0	10673	832	0	10677	0	640	10675	832	640
32844	1280	960	51126	0	0
32851	2496	1920	10681	0	0	10682	832	0	10683	1664	0	10684	0	640	10685	832	640	10686	1664	640	10687	0	1280	10688	832	1280	10689	1664	1280
33000	2542	1977	33000	0	0
33001	2496	1920	33001	0	0
33002	2496	1920	33002	0	0
33003	2496	1920	33003	0	0
33004	1600	640	33004	0	0
33005	1600	1216	33005	0	0
33006	2496	1920	33006	0	0
33011	1664	1280	33018	0	0
33021	832	640	10101	0	0
33022	1600	1088	10414	0	0
33023	1152	768	33021	0	0
33024	1280	640	33022	0	0
33031	832	640	33023	0	0
33032	1216	769	33024	0	0
33033	1024	768	33025	0	0
33041	2496	1920	33026	0	0
33042	2496	1920	33027	0	0
33051	2496	1920	33028	0	0
33052	2496	1920	33029	0	0
33061	2496	1920	33030	0	0
33062	2496	1920	33031	0	0
33071	1600	1280	33032	0	0
33501	2496	1920	33007	0	0
33502	2496	1920	33008	0	0
33503	2496	1920	33009	0	0
33504	2496	1920	33010	0	0
33505	2496	1920	33011	0	0
33506	1530	1920	33012	0	0
33507	2496	1920	33013	0	0
33508	1664	640	33014	0	0
33509	2496	1920	33015	0	0
33510	768	576	33016	0	0
33511	1280	960	33033	0	0
33601	1728	1800	33034	0	0
33602	1408	1152	33035	0	0
33603	1408	1152	33036	0	0
33604	1792	1024	33037	0	0
33605	1408	1408	33038	0	0
33606	1280	832	33039	0	0
33607	1280	832	33040	0	0
33608	1792	1024	33041	0	0
33609	1408	1408	33042	0	0
33610	1728	1216	33043	0	0
34000	2994	4706	34000	0	0
34001	1280	960	50063	0	0
34010	2496	1920	34601	0	0
34011	832	640	50048	0	0
34021	2496	1920	34602	0	0
34031	1088	640	10423	0	0
34032	1088	640	10439	0	0
34033	960	768	34603	0	0
34034	896	640	34604	0	0
34035	896	640	34605	0	0
34051	1600	1152	50195	0	0
34061	1664	1280	10641	0	0	10643	832	0	10647	0	640	10645	832	640
34101	832	640	50070	0	0
34102	832	640	50070	0	0
34103	832	640	50069	0	0
34104	832	640	50069	0	0
34105	832	640	50164	0	0
34106	832	640	50149	0	0
34107	832	640	50003	0	0
34108	832	640	50185	0	0
34109	832	640	50048	0	0
34110	800	600	50088	0	0
34111	832	640	50060	0	0
34112	832	640	50176	0	0
34113	960	768	50193	0	0
34201	832	640	10401	0	0
34202	1600	640	10407	0	0
34203	960	960	51026	0	0
34204	832	640	50165	0	0
34205	832	640	50164	0	0
34300	2496	1920	34606	0	0
34301	832	640	10402	0	0
34302	832	640	10409	0	0
34303	832	640	50164	0	0
34304	960	768	34607	0	0
34401	2496	1920	34609	0	0
34402	2496	1920	34610	0	0
34403	1280	960	34611	0	0
34404	1600	1216	34612	0	0
34405	1280	960	34613	0	0
34406	1280	960	34614	0	0
34501	2496	1920	34501	0	0
34502	2496	1920	34502	0	0
34503	2496	1920	34503	0	0
34504	2496	1920	34504	0	0
34510	2496	1280	34615	0	0
34511	2496	1280	34616	0	0
34512	832	640	34617	0	0
34513	832	640	34618	0	0
34514	2496	1280	34619	0	0
34515	832	640	34620	0	0
34516	1728	1600	34621	0	0
34517	1600	768	34622	0	0
34518	1024	768	34623	0	0
34519	1024	768	34624	0	0
34520	1280	960	34625	0	0
34801	1088	640	10438	0	0
48001	2497	1921	10622	0	0	10623	832	0	10624	1664	1	10629	0	640	10628	0	1280	10621	832	640	10627	832	1280	10626	1664	1281	10625	1664	641
48002	1664	1280	10622	0	0	10624	832	0	10628	0	640	10626	832	640
48003	1664	1280	10622	0	0	10628	0	640	10624	832	0	10626	832	640
48004	2496	2560	10622	0	0	10693	832	0	10624	1664	0	10648	0	640	10691	0	1280	10647	0	1920	10694	832	1920	10698	832	1280	10699	832	640	10692	1664	640	10625	1664	1280	10626	1664	1920
48005	1664	1280	10622	0	0	10624	832	0	10628	0	640	10626	832	640
48006	3200	640	10206	0	0	10205	1600	0
48007	3200	640	10205	0	0	10205	1600	0
48008	2496	1920	10622	0	0	10623	832	0	10624	1664	0	10629	0	640	10628	0	1280	10621	832	640	10625	1664	640	10627	832	1280	10626	1664	1280
48009	1664	1280	10622	0	0	10628	0	640	10624	832	0	10626	832	640
48010	2496	1280	10031	0	0	10032	832	0	10033	1664	0	10036	0	640	10037	832	640	10038	1664	640
48011	1664	1280	10622	0	0	10628	0	640	10624	832	0	10626	832	640
48012	2496	1920	10622	0	0	10623	832	0	10624	1664	0	10629	0	640	10628	0	1280	10621	832	640	10625	1664	640	10627	832	1280	10626	1664	1280
48013	1664	1280	10622	0	0	10624	832	0	10628	0	640	10626	832	640
48014	1664	1280	10622	0	0	10628	0	640	10624	832	0	10626	832	640
48015	1664	1280	10622	0	0	10628	0	640	10624	832	0	10626	832	640
48016	1600	1088	10413	0	0
48017	960	768	10441	0	0
48018	832	640	50006	0	0
48019	2496	1792	51040	0	0
48020	832	640	50298	0	0
48021	1280	960	51030	0	0
48022	832	640	50011	0	0
48023	832	640	50072	0	0
48024	832	640	50072	0	0
48025	832	640	50071	0	0
48026	832	640	50071	0	0
48027	832	640	50072	0	0
48028	832	640	50071	0	0
48029	832	640	50072	0	0
48030	832	640	50071	0	0
48031	832	640	50011	0	0
48032	832	640	50011	0	0
48033	832	640	50072	0	0
48034	832	640	50072	0	0
48035	832	640	50048	0	0
48036	832	640	50010	0	0
49001	3328	1920	10641	0	0	10648	0	640	10647	0	1280	10693	832	0	10699	832	640	10642	1664	0	10698	1664	640	10694	1664	1280	10646	832	1280	10643	2496	0	10644	2496	640	10645	2496	1280
49002	2496	3200	10641	0	0	10642	832	0	10643	1664	0	10648	0	640	10697	832	640	10692	1664	640	10648	0	1280	10696	832	1280	10644	1664	1280	10691	0	1920	10700	832	1920	10644	1664	1920	10647	0	2560	10646	832	2560	10645	1664	2560
49003	4160	1920	10641	0	0	10691	0	640	10647	0	1280	10642	832	0	10695	832	640	10646	832	1280	10642	1664	0	10695	1664	640	10646	1664	1280	10693	2496	0	10700	2496	640	10646	2496	1280	10643	3328	0	10644	3328	640	10645	3328	1280
49004	2496	2560	10031	0	0	10032	832	0	10033	1664	0	10035	0	640	10035	0	1280	10036	0	1920	10039	832	640	10034	1664	640	10039	832	1280	10034	1664	1280	10037	832	1920	10038	1664	1920
49005	3328	1920	10641	0	0	10648	0	640	10647	0	1280	10693	832	0	10696	832	640	10694	832	1280	10693	1664	0	10699	1664	640	10692	2496	640	10646	1664	1280	10645	2496	1280	10643	2496	0
49009	1664	1280	10641	0	0	10643	832	0	10647	0	640	10645	832	640
49011	2496	2560	10641	0	0	10643	1664	0	10693	832	0	10648	0	640	10696	832	640	10644	1664	640	10691	0	1280	10700	832	1280	10644	1664	1280	10647	0	1920	10646	832	1920	10645	1664	1920
49012	4160	1920	10641	0	0	10691	0	640	10647	0	1280	10642	832	0	10695	832	640	10646	832	1280	10642	1664	0	10695	1664	640	10646	1664	1280	10693	2496	0	10700	2496	640	10646	2496	1280	10643	3328	0	10644	3328	640	10645	3328	1280
49013	2496	3200	10641	0	0	10693	832	0	10643	1664	0	10648	0	640	10696	832	640	10644	1664	640	10648	0	1280	10696	832	1280	10644	1664	1280	10648	0	1920	10699	832	1920	10692	1664	1920	10647	0	2560	10646	832	2560	10645	1664	2560
49014	3328	1920	10031	0	0	10032	832	0	10032	1664	0	10033	2496	0	10035	0	640	10039	832	640	10039	1664	640	10034	2496	640	10036	0	1280	10037	832	1280	10037	1664	1280	10038	2496	1280
49015	3328	1920	10641	0	0	10693	832	0	10642	1664	0	10643	2496	0	10648	0	640	10647	0	1280	10696	832	640	10694	832	1280	10697	1664	640	10694	1664	1280	10692	2496	640	10645	2496	1280
49019	1664	1280	10641	0	0	10643	832	0	10647	0	640	10645	832	640
49021	1664	3200	10641	0	0	10643	832	0	10648	0	640	10648	0	1280	10691	0	1920	10647	0	2560	10644	832	640	10644	832	1280	10692	832	1920	10645	832	2560
49022	3328	1920	10641	0	0	10642	832	0	10642	1664	0	10643	2496	0	10648	0	640	10697	832	640	10695	1664	640	10692	2496	640	10647	0	1280	10694	832	1280	10646	1664	1280	10645	2496	1280
49023	2496	2560	10641	0	0	10642	832	0	10643	1664	0	10691	0	640	10698	832	640	10644	1664	640	10648	0	1280	10696	832	1280	10644	1664	1280	10647	0	1920	10694	832	1920	10645	1664	1920
49024	4160	1280	10031	0	0	10032	832	0	10032	1664	0	10032	2496	0	10033	3328	0	10036	0	640	10037	832	640	10037	1664	640	10037	2496	640	10038	3328	640
49025	3328	1280	10641	0	0	10693	832	0	10642	1664	0	10643	2496	0	10647	0	640	10694	832	640	10646	1663	640	10645	2495	640
49029	1664	1280	10641	0	0	10643	832	0	10647	0	640	10645	832	640
49031	4160	1280	10641	0	0	10647	0	640	10693	832	0	10694	832	640	10642	1664	0	10646	1664	640	10642	2496	0	10646	2496	640	10643	3328	0	10645	3328	640
49032	3328	1920	10641	0	0	10642	832	0	10642	1664	0	10643	2496	0	10691	0	640	10695	832	640	10698	1664	640	10644	2496	640	10647	0	1280	10646	832	1280	10694	1664	1280	10645	2496	1280
49033	3328	1920	10641	0	0	10693	832	0	10642	1664	0	10643	2496	0	10648	0	640	10699	832	640	10695	1664	640	10692	2496	640	10647	0	1280	10646	832	1280	10646	1664	1280	10645	2496	1280
49034	1664	3200	10031	0	0	10033	832	0	10035	0	640	10034	832	640	10035	0	1280	10034	832	1280	10035	0	1920	10034	832	1920	10036	0	2560	10038	832	2560
49035	3328	1280	10641	0	0	10643	2496	0	10647	0	640	10646	832	640	10645	2496	640	10693	1664	0	10694	1664	640	10642	832	0
49039	1664	1280	10641	0	0	10643	832	0	10647	0	640	10645	832	640
49041	3328	1280	10641	0	0	10642	832	0	10693	1664	0	10643	2496	0	10647	0	640	10646	832	640	10694	1664	640	10645	2496	640
49042	1664	3200	10641	0	0	10643	832	0	10648	0	640	10648	0	1280	10647	0	2560	10644	832	640	10644	832	1280	10645	832	2560	10648	0	1920	10644	832	1920
49043	1664	3200	10641	0	0	10643	832	0	10648	0	640	10648	0	1280	10647	0	2560	10644	832	640	10644	832	1280	10645	832	2560	10648	0	1920	10644	832	1920
49044	3328	1280	10031	0	0	10032	832	0	10032	1664	0	10033	2496	0	10036	0	640	10037	832	640	10037	1664	640	10038	2496	640
49045	3328	1280	10641	0	0	10643	2496	0	10647	0	640	10646	832	640	10645	2496	640	10693	1664	0	10694	1664	640	10642	832	0
49049	1664	1280	10641	0	0	10643	832	0	10647	0	640	10645	832	640
49051	1664	2560	10641	0	0	10648	0	640	10691	0	1280	10647	0	1920	10643	832	0	10644	832	640	10692	832	1280	10645	832	1920
49052	4160	1280	10641	0	0	10647	0	640	10642	1664	0	10646	1664	640	10642	2496	0	10646	2496	640	10643	3328	0	10645	3328	640	10642	832	0	10646	832	640
49053	4160	1280	10641	0	0	10647	0	640	10642	1664	0	10646	1664	640	10642	2496	0	10646	2496	640	10643	3328	0	10645	3328	640	10642	832	0	10646	832	640
49054	1664	2560	10031	0	0	10035	0	640	10035	0	1280	10036	0	1920	10033	832	0	10034	832	640	10034	832	1280	10038	832	1920
49055	3328	1280	10641	0	0	10693	832	0	10642	1664	0	10643	2496	0	10647	0	640	10694	832	640	10646	1663	640	10645	2495	640
49059	1664	1280	10641	0	0	10643	832	0	10647	0	640	10645	832	640
49101	1280	960	50143	0	0
49102	1280	960	50143	0	0
49131	832	640	50011	0	0
49132	832	640	50010	0	0
49133	960	768	50192	0	0
49134	960	768	50193	0	0
49135	832	640	50010	0	0
49136	832	640	50011	0	0
49171	832	640	50072	0	0
49172	1280	640	50115	0	0
49173	1280	640	50134	0	0
49174	832	640	50072	0	0
49175	1280	640	50134	0	0
49176	1280	640	50115	0	0
49177	832	640	50071	0	0
49178	1280	640	50134	0	0
49179	1280	640	50115	0	0
49180	832	640	50071	0	0
49181	1280	640	50115	0	0
49182	1280	640	50134	0	0
49183	832	640	50072	0	0
49184	1280	640	50115	0	0
49185	832	640	50071	0	0
49186	1280	640	50134	0	0
49211	1280	960	51061	0	0
49212	1280	960	51062	0	0
49213	1280	960	51061	0	0
49214	1280	960	51062	0	0
49215	1280	960	51061	0	0
49216	1280	960	51062	0	0
49221	1280	960	51059	0	0
49222	1280	960	51060	0	0
49223	1280	960	51059	0	0
49224	1280	960	51060	0	0
49225	1280	960	51059	0	0
49226	1280	960	51060	0	0
49401	3328	3200	10052	0	0	10053	832	0	10053	1664	0	10054	2496	0	10059	0	640	10051	832	640	10051	1664	640	10055	2496	640	10059	0	1280	10051	832	1280	10051	1664	1280	10055	2496	1280	10059	0	1920	10058	0	2560	10051	832	1920	10057	832	2560	10051	1664	1920	10057	1664	2560	10055	2496	1920	10056	2496	2560
49402	1664	3840	10052	0	0	10054	832	0	10059	0	640	10059	0	1280	10059	0	1920	10059	0	2560	10058	0	3200	10055	832	640	10055	832	1280	10055	832	1920	10055	832	2560	10056	832	3200
49403	4160	1920	10052	0	0	10053	832	0	10053	1664	0	10053	2496	0	10054	3328	0	10059	0	640	10051	832	640	10051	1664	640	10051	2496	640	10055	3328	640	10058	0	1280	10057	832	1280	10057	1664	1280	10057	2496	1280	10056	3328	1280
49404	4160	2560	10052	0	0	10053	832	0	10059	0	640	10062	832	640	10059	0	1280	10061	832	1280	10058	0	1920	10057	832	1920	10053	1664	0	10063	1664	640	10060	1664	1280	10057	1664	1920	10053	2496	0	10051	2496	640	10051	2496	1280	10057	2496	1920	10054	3328	0	10055	3328	640	10055	3328	1280	10056	3328	1920
49409	1280	960	51072	0	0
49411	3328	3200	10052	0	0	10053	832	0	10053	1664	0	10054	2496	0	10059	0	640	10051	832	640	10051	1664	640	10055	2496	640	10059	0	1280	10051	832	1280	10051	1664	1280	10055	2496	1280	10059	0	1920	10058	0	2560	10051	832	1920	10057	832	2560	10051	1664	1920	10057	1664	2560	10055	2496	1920	10056	2496	2560
49412	1664	3840	10052	0	0	10054	832	0	10059	0	640	10059	0	1280	10059	0	1920	10059	0	2560	10058	0	3200	10055	832	640	10055	832	1280	10055	832	1920	10055	832	2560	10056	832	3200
49413	4160	1920	10052	0	0	10053	832	0	10053	1664	0	10053	2496	0	10054	3328	0	10059	0	640	10051	832	640	10051	1664	640	10051	2496	640	10055	3328	640	10058	0	1280	10057	832	1280	10057	1664	1280	10057	2496	1280	10056	3328	1280
49414	4160	2560	10052	0	0	10053	832	0	10059	0	640	10062	832	640	10059	0	1280	10061	832	1280	10058	0	1920	10057	832	1920	10053	1664	0	10063	1664	640	10060	1664	1280	10057	1664	1920	10053	2496	0	10051	2496	640	10051	2496	1280	10057	2496	1920	10054	3328	0	10055	3328	640	10055	3328	1280	10056	3328	1920
49419	1280	960	51072	0	0
49421	3328	3200	10052	0	0	10053	832	0	10053	1664	0	10054	2496	0	10059	0	640	10051	832	640	10051	1664	640	10055	2496	640	10059	0	1280	10051	832	1280	10051	1664	1280	10055	2496	1280	10059	0	1920	10058	0	2560	10051	832	1920	10057	832	2560	10051	1664	1920	10057	1664	2560	10055	2496	1920	10056	2496	2560
49422	1664	3840	10052	0	0	10054	832	0	10059	0	640	10059	0	1280	10059	0	1920	10059	0	2560	10058	0	3200	10055	832	640	10055	832	1280	10055	832	1920	10055	832	2560	10056	832	3200
49423	4160	1920	10052	0	0	10053	832	0	10053	1664	0	10053	2496	0	10054	3328	0	10059	0	640	10051	832	640	10051	1664	640	10051	2496	640	10055	3328	640	10058	0	1280	10057	832	1280	10057	1664	1280	10057	2496	1280	10056	3328	1280
49424	4160	2560	10052	0	0	10053	832	0	10059	0	640	10062	832	640	10059	0	1280	10061	832	1280	10058	0	1920	10057	832	1920	10053	1664	0	10063	1664	640	10060	1664	1280	10057	1664	1920	10053	2496	0	10051	2496	640	10051	2496	1280	10057	2496	1920	10054	3328	0	10055	3328	640	10055	3328	1280	10056	3328	1920
49429	1280	960	51072	0	0
49431	3328	3200	10052	0	0	10053	832	0	10053	1664	0	10054	2496	0	10059	0	640	10051	832	640	10051	1664	640	10055	2496	640	10059	0	1280	10051	832	1280	10051	1664	1280	10055	2496	1280	10059	0	1920	10058	0	2560	10051	832	1920	10057	832	2560	10051	1664	1920	10057	1664	2560	10055	2496	1920	10056	2496	2560
49432	1664	3840	10052	0	0	10054	832	0	10059	0	640	10059	0	1280	10059	0	1920	10059	0	2560	10058	0	3200	10055	832	640	10055	832	1280	10055	832	1920	10055	832	2560	10056	832	3200
49433	4160	1920	10052	0	0	10053	832	0	10053	1664	0	10053	2496	0	10054	3328	0	10059	0	640	10051	832	640	10051	1664	640	10051	2496	640	10055	3328	640	10058	0	1280	10057	832	1280	10057	1664	1280	10057	2496	1280	10056	3328	1280
49434	4160	2560	10052	0	0	10053	832	0	10059	0	640	10062	832	640	10059	0	1280	10061	832	1280	10058	0	1920	10057	832	1920	10053	1664	0	10063	1664	640	10060	1664	1280	10057	1664	1920	10053	2496	0	10051	2496	640	10051	2496	1280	10057	2496	1920	10054	3328	0	10055	3328	640	10055	3328	1280	10056	3328	1920
49439	1280	960	51072	0	0
49441	3328	3200	10052	0	0	10053	832	0	10053	1664	0	10054	2496	0	10059	0	640	10051	832	640	10051	1664	640	10055	2496	640	10059	0	1280	10051	832	1280	10051	1664	1280	10055	2496	1280	10059	0	1920	10058	0	2560	10051	832	1920	10057	832	2560	10051	1664	1920	10057	1664	2560	10055	2496	1920	10056	2496	2560
49442	1664	3840	10052	0	0	10054	832	0	10059	0	640	10059	0	1280	10059	0	1920	10059	0	2560	10058	0	3200	10055	832	640	10055	832	1280	10055	832	1920	10055	832	2560	10056	832	3200
49443	4160	1920	10052	0	0	10053	832	0	10053	1664	0	10053	2496	0	10054	3328	0	10059	0	640	10051	832	640	10051	1664	640	10051	2496	640	10055	3328	640	10058	0	1280	10057	832	1280	10057	1664	1280	10057	2496	1280	10056	3328	1280
49444	4160	2560	10052	0	0	10053	832	0	10059	0	640	10062	832	640	10059	0	1280	10061	832	1280	10058	0	1920	10057	832	1920	10053	1664	0	10063	1664	640	10060	1664	1280	10057	1664	1920	10053	2496	0	10051	2496	640	10051	2496	1280	10057	2496	1920	10054	3328	0	10055	3328	640	10055	3328	1280	10056	3328	1920
49449	1280	960	51072	0	0
49501	4178	3201	10000	0	0	10000	842	1	10328	1680	0	10358	1680	640	10343	1681	1280	10342	2513	1280	10344	3345	1281	10358	3343	641	10313	3343	1	10359	3346	1921	10312	3346	2561	10361	850	1279	10315	18	1279	10341	1682	1920	10365	1683	2560
49502	768	576	10023	0	0
49503	3328	2562	10313	0	0	10358	0	640	10345	0	1280	10348	0	1920	10360	832	1281	10314	1664	1281	10342	832	1921	10360	1664	1922	10329	2496	1921
49504	4161	1920	10327	0	0	10361	832	0	10342	1664	0	10346	2496	0	10350	3328	0	10359	2497	640	10359	3329	640	10312	2497	1280	10312	3329	1280
49511	4164	2560	10315	0	0	10361	832	0	10350	1664	0	10344	1666	640	10361	834	640	10315	2	640	10343	1667	1280	10342	835	1279	10363	3	1279	10360	2499	1281	10329	3331	1281	10348	1668	1920	10360	2500	1920	10314	3332	1919
49512	768	576	10024	0	0
49513	4160	1920	10315	0	0	10361	832	0	10346	1664	0	10360	2496	0	10314	3328	0	10359	1665	640	10326	1665	1280
49514	2497	3241	10000	0	0	10000	0	661	10315	0	1322	10361	832	1321	10344	1664	1321	10358	1663	681	10328	1663	41	10359	1665	1961	10312	1664	2601
49521	4162	1921	10327	0	0	10361	832	0	10315	2	638	10361	834	639	10350	1664	0	10343	1665	640	10315	3	1280	10361	835	1280	10347	1666	1280	10342	2497	640	10362	3329	640	10360	2498	1281	10314	3330	1280
49522	768	576	10023	0	0
49523	4160	1280	10315	0	0	10361	832	0	10346	1664	0	10360	2496	0	10329	3328	0	10349	1665	640	10361	833	640	10315	1	640
49524	2496	3200	10328	0	0	10358	0	640	10345	0	1280	10359	0	1920	10312	0	2560	10360	832	1280	10314	1664	1280
49531	3332	2561	10363	0	0	10346	832	0	10360	1664	0	10314	2496	0	10347	834	640	10346	1666	641	10350	2498	641	10359	2500	1281	10312	2499	1921	10359	1668	1281	10312	1668	1921	10351	2	640	10359	4	1280	10326	4	1920
49532	768	576	10022	0	0
49533	1674	3200	10000	0	0	10328	840	0	10358	840	640	10344	841	1280	10351	11	1280	10359	13	1920	10312	12	2560	10359	842	1920	10312	841	2560
49534	4161	1920	10327	0	0	10361	832	0	10350	1664	0	10345	1665	640	10360	2497	641	10314	3329	641	10349	1666	1280	10361	835	1279	10315	3	1279
49541	4160	2560	10315	0	0	10361	832	0	10346	1664	0	10360	2496	0	10314	3328	0	10343	1666	640	10361	834	640	10327	2	640	10362	2498	641	10359	1668	1280	10312	1668	1920
49542	768	576	10021	0	0
49543	2498	2560	10315	0	0	10361	832	0	10350	1664	0	10315	1	641	10361	833	640	10344	1665	640	10359	1666	1280	10326	1666	1920
49544	3328	3201	10313	0	0	10358	0	640	10348	0	1280	10346	832	1281	10359	834	1921	10312	834	2561	10360	1664	1281	10329	2496	1281
49551	3339	3200	10000	0	0	10351	842	0	10343	842	640	10363	10	640	10345	843	1280	10359	845	1920	10312	845	2560	10360	1674	0	10314	2506	0	10360	1674	641	10360	1675	1281	10329	2506	641	10314	2507	1280
49552	768	576	10024	0	0
49553	4160	1920	10315	0	0	10361	832	0	10346	1664	0	10360	2496	0	10314	3328	0	10359	1665	640	10326	1666	1280
49554	3328	2561	10313	0	0	10358	0	640	10348	0	1280	10328	830	0	10358	830	640	10344	832	1280	10348	833	1920	10360	1665	1921	10314	2496	1920
49701	3328	3200	10641	0	0	10623	832	0	10642	1664	0	10624	2496	0	10648	0	640	10629	0	1280	10629	0	1920	10647	0	2560	10621	832	640	10621	1664	640	10625	2496	640	10621	832	1280	10621	1664	1280	10644	2496	1280	10621	832	1920	10621	1664	1920	10644	2496	1920	10627	832	2560	10646	1664	2560	10626	2496	2560
49702	4160	1280	10622	0	0	10642	832	0	10628	0	640	10623	1664	0	10693	2496	0	10624	3328	0	10646	832	640	10627	1664	640	10694	2496	640	10626	3328	640
49703	3328	2560	10641	0	0	10691	0	640	10693	832	0	10700	832	640	10629	0	1280	10697	832	1280	10693	1664	0	10696	1664	640	10700	1664	1280	10647	0	1920	10694	832	1920	10627	1664	1920	10624	2496	0	10625	2496	640	10644	2496	1280	10626	2496	1920
49704	3328	1280	10641	0	0	10642	832	0	10623	1664	0	10643	2496	0	10628	0	640	10646	832	640	10646	1664	640	10626	2496	640
49705	2496	2560	10622	0	0	10623	832	0	10643	1664	0	10691	0	640	10698	832	640	10644	1664	640	10648	0	1280	10699	832	1280	10692	1664	1280	10628	0	1920	10627	832	1920	10645	1664	1920
49706	1664	1920	10641	0	0	10624	832	0	10691	0	640	10692	832	640	10647	0	1280	10626	832	1280
49707	1664	1280	10641	0	0	10643	832	0	10647	0	640	10645	832	640
49708	1664	1280	10651	0	0	10653	832	0	10657	0	640	10655	832	640
49711	2496	3840	10641	0	0	10648	0	640	10648	0	1280	10648	0	1920	10648	0	2560	10647	0	3200	10642	832	0	10621	832	640	10621	832	1280	10621	832	1920	10621	832	2560	10646	832	3200	10643	1664	0	10644	1664	640	10644	1664	1280	10644	1664	1920	10644	1664	2560	10645	1664	3200
49712	1664	2560	10622	0	0	10643	832	0	10648	0	640	10644	832	640	10691	0	1280	10692	832	1280	10647	0	1920	10626	832	1920
49713	3328	1920	10622	0	0	10623	832	0	10693	1664	0	10643	2496	0	10629	0	640	10621	832	640	10699	1664	640	10692	2496	640	10628	0	1280	10627	832	1280	10627	1664	1280	10645	2496	1280
49714	4160	1280	10641	0	0	10642	832	0	10642	1664	0	10623	2496	0	10643	3328	0	10647	0	640	10627	832	640	10646	1664	640	10646	2496	640	10626	3328	640
49715	2496	1920	10641	0	0	10693	832	0	10624	1664	0	10691	0	640	10700	832	640	10644	1664	640	10647	0	1280	10646	832	1280	10626	1664	1280
49716	2496	2560	10641	0	0	10642	832	0	10643	1664	0	10697	832	640	10692	1664	640	10648	0	1280	10699	832	1280	10692	1664	1280	10647	0	1920	10646	832	1920	10645	1664	1920	10648	0	640
49717	3328	1920	10641	0	0	10648	0	640	10647	0	1280	10693	832	0	10696	832	640	10694	832	1280	10693	1664	0	10699	1664	640	10627	1664	1280	10624	2496	0	10692	2496	640	10626	2496	1280
49718	3328	1280	10641	0	0	10642	832	0	10642	1664	0	10643	2496	0	10647	0	640	10646	832	640	10646	1664	640	10645	2496	640
49719	3328	2560	10622	0	0	10623	832	0	10623	1664	0	10643	2496	0	10629	0	640	10697	832	640	10698	1664	640	10644	2496	640	10629	0	1280	10699	832	1280	10700	1664	1280	10625	2496	1280	10628	0	1920	10627	832	1920	10627	1664	1920	10626	2496	1920
49720	4160	2560	10641	0	0	10691	0	640	10648	0	1280	10647	0	1920	10646	1664	1920	10693	832	0	10700	832	640	10693	1664	0	10699	1664	640	10642	2496	0	10643	3328	0	10695	2496	640	10692	3328	640	10621	832	1280	10621	1664	1280	10697	2496	1280	10692	3328	1280	10646	832	1920	10694	2496	1920	10645	3328	1920
49721	1664	1280	10681	0	0	10683	832	0	10687	0	640	10689	832	640
49725	2496	2560	10611	0	0	10618	832	0	10617	1664	0	10612	0	640	10619	832	640	10616	1664	640	10612	0	1280	10619	832	1280	10616	1664	1280	10613	0	1920	10614	832	1920	10615	1664	1920
49726	4992	1280	10611	0	0	10613	0	640	10618	832	0	10614	832	640	10618	1664	0	10614	1664	640	10618	2496	0	10614	2496	640	10618	3328	0	10614	3328	640	10617	4160	0	10615	4160	640
49727	1664	1280	10602	0	0	10604	832	0	10608	0	640	10606	832	640
49731	4992	1920	10641	0	0	10642	832	0	10642	1664	0	10623	2496	0	10642	3328	0	10643	4160	0	10648	0	640	10621	832	640	10621	1664	640	10621	2496	640	10621	3328	640	10644	4160	640	10647	0	1280	10627	832	1280	10646	1664	1280	10646	2496	1280	10646	3328	1280	10626	4160	1280
49732	1664	2560	10641	0	0	10643	832	0	10691	0	640	10692	832	640	10648	0	1280	10625	832	1280	10647	0	1920	10645	832	1920
49733	1664	2560	10641	0	0	10643	832	0	10629	0	640	10644	832	640	10647	0	1920	10645	832	1920	10691	0	1280	10692	832	1280
49734	2496	2560	10641	0	0	10642	832	0	10643	1664	0	10648	0	640	10697	832	640	10692	1664	640	10691	0	1280	10700	832	1280	10625	1664	1280	10647	0	1920	10646	832	1920	10645	1664	1920
49735	3328	1920	10641	0	0	10693	832	0	10693	1664	0	10624	2496	0	10691	0	640	10700	832	640	10699	1664	640	10692	2496	640	10628	0	1280	10646	832	1280	10627	1664	1280	10645	2496	1280
49736	2496	2560	10641	0	0	10642	832	0	10643	1664	0	10691	0	640	10695	832	640	10692	1664	640	10697	832	1280	10692	1664	1280	10647	0	1920	10694	832	1920	10648	0	1280	10645	1664	1920
49737	3328	2560	10641	0	0	10642	832	0	10693	1664	0	10643	2496	0	10691	0	640	10698	832	640	10696	1664	640	10625	2496	640	10629	0	1280	10696	832	1280	10696	1664	1280	10644	2496	1280	10647	0	1920	10694	832	1920	10694	1664	1920	10645	2496	1920
49738	1664	1280	10651	0	0	10653	832	0	10657	0	640	10655	832	640
49801	1666	1285	10620	0	0	10620	834	0	10620	0	645	10620	833	645
49802	1666	1285	10620	0	0	10620	834	0	10620	0	645	10620	833	645
49803	1666	1285	10620	0	0	10620	834	0	10620	0	645	10620	833	645
49811	3328	3200	10620	0	0	10620	832	0	10620	1664	0	10620	2496	0	10620	0	640	10620	832	640	10620	1664	640	10620	2496	640	10620	0	1280	10620	832	1280	10620	1664	1280	10620	2496	1280	10620	0	1920	10620	832	1920	10620	1664	1920	10620	2496	1920	10620	0	2560	10620	832	2560	10620	1664	2560	10620	2496	2560
49812	3328	3200	10620	0	0	10620	832	0	10620	1664	0	10620	2496	0	10620	0	640	10620	832	640	10620	1664	640	10620	2496	640	10620	0	1280	10620	832	1280	10620	1664	1280	10620	2496	1280	10620	0	1920	10620	832	1920	10620	1664	1920	10620	2496	1920	10620	0	2560	10620	832	2560	10620	1664	2560	10620	2496	2560
49813	3328	3200	10620	0	0	10620	832	0	10620	1664	0	10620	2496	0	10620	0	640	10620	832	640	10620	1664	640	10620	2496	640	10620	0	1280	10620	832	1280	10620	1664	1280	10620	2496	1280	10620	0	1920	10620	832	1920	10620	1664	1920	10620	2496	1920	10620	0	2560	10620	832	2560	10620	1664	2560	10620	2496	2560
49901	896	640	51080	0	0
49902	1280	960	51081	0	0
49903	1280	960	51081	0	0
49904	1280	960	51081	0	0
49905	1280	960	51081	0	0
49906	1280	960	51081	0	0
49907	1280	960	51081	0	0
49908	1280	960	51081	0	0
49909	1600	1280	51082	0	0
49910	896	640	51083	0	0
49911	3840	640	49911	0	0
49912	3840	640	49911	0	0
49913	3840	640	49911	0	0
49914	3840	640	49911	0	0
49915	3840	640	49911	0	0
49916	960	768	49916	0	0
49917	800	600	50085	0	0
49918	832	640	50148	0	0
49919	2496	640	10172	0	0	10171	832	0	10174	1664	0
49920	2496	640	10172	0	0	10171	832	0	10174	1664	0
49921	2496	640	10172	0	0	10171	832	0	10174	1664	0
49922	2496	640	10172	0	0	10171	832	0	10174	1664	0
49923	2496	640	10172	0	0	10152	832	0	10174	1664	0
49924	2496	1280	10000	0	0	10173	832	0	10000	1664	0	10172	0	640	10157	832	640	10174	1664	640
49925	1664	1280	10172	0	0	10168	832	0	10000	0	640	10175	832	640
49926	2496	1280	10000	0	0	10173	832	0	10000	1664	0	10172	0	640	10167	832	640
49927	1664	1923	10173	0	0	10155	0	640	10175	0	1280	10000	832	0	10174	832	640	10000	832	1280
49928	2496	1280	10000	0	0	10173	832	0	10000	1664	0	10172	0	640	10157	832	640	10174	1664	640
49929	1664	1920	10000	0	0	10173	832	0	10172	0	640	10154	832	640	10000	0	1280	10175	832	1280
49930	2496	1280	10000	0	0	10173	832	0	10000	1664	0	10172	0	640	10157	832	640	10174	1664	640
49931	1664	1280	10172	0	0	10168	832	0	10000	0	640	10175	832	640
49932	1664	1280	10169	0	0	10174	832	0	10175	0	640
49933	2496	1280	10172	0	0	10174	1664	0	10000	0	640	10156	832	0	10175	832	640	10000	1664	640
49934	1664	1280	10173	0	0	10166	0	640	10000	832	0	10174	832	640
49935	2496	640	10172	0	0	10152	832	0	10174	1664	0
49936	1664	1280	10172	0	0	10168	832	0	10000	0	640	10175	832	640
49937	1664	1920	10000	0	0	10173	832	0	10172	0	640	10154	832	640	10000	0	1280	10175	832	1280
49938	1664	1920	10173	0	0	10155	0	640	10175	0	1280	10000	832	0	10174	832	640	10000	832	1280
49939	2496	1280	10000	0	0	10173	832	0	10000	1664	0	10172	0	640	10167	832	640
49940	1664	1920	10000	0	0	10000	832	1280	10163	0	0	10175	0	640
49941	1600	1600	49941	0	0
50001	832	640	50001	0	0
50002	832	640	50002	0	0
50003	832	640	50003	0	0
50004	832	640	50004	0	0
50005	832	640	50005	0	0
50006	832	640	50006	0	0
50007	832	640	50007	0	0
50008	832	640	50008	0	0
50009	832	640	50009	0	0
50010	832	640	50010	0	0
50011	832	640	50011	0	0
50012	832	640	50012	0	0
50013	832	640	50013	0	0
50014	960	704	50014	0	0
50015	960	704	50015	0	0
50016	832	640	50016	0	0
50017	832	640	50017	0	0
50018	1280	960	50018	0	0
50019	2432	1728	50019	0	0
50020	960	640	50020	0	0
50021	832	640	50021	0	0
50022	832	640	50022	0	0
50023	1344	960	50023	0	0
50024	1344	960	50024	0	0
50025	1600	1216	50025	0	0
50026	1280	640	50026	0	0
50027	1280	640	50027	0	0
50028	1280	896	50028	0	0
50029	1280	896	50029	0	0
50030	1280	960	50030	0	0
50031	1280	1024	50031	0	0
50032	1472	1152	50032	0	0
50033	832	640	50033	0	0
50034	1280	640	50034	0	0
50035	1280	640	50035	0	0
50036	960	640	50036	0	0
50037	1600	1152	50037	0	0
50038	1920	832	50038	0	0
50039	832	640	50039	0	0
50040	1600	1152	50040	0	0
50041	1280	640	50041	0	0
50042	1280	960	50042	0	0
50043	1600	640	50043	0	0
50044	1600	640	50044	0	0
50045	1280	640	50045	0	0
50046	1280	640	50046	0	0
50047	832	640	50047	0	0
50048	832	640	50048	0	0
50049	1280	896	50028	0	0
50050	1280	896	50029	0	0
50051	896	640	50051	0	0
50052	896	640	50052	0	0
50053	896	640	50053	0	0
50054	896	640	50054	0	0
50055	896	640	50055	0	0
50056	896	640	50056	0	0
50057	896	640	50057	0	0
50058	896	640	50058	0	0
50059	832	640	50059	0	0
50060	832	640	50060	0	0
50061	1728	1024	50061	0	0
50062	1728	1024	50062	0	0
50063	1280	960	50063	0	0
50064	1280	640	50064	0	0
50065	1280	896	50065	0	0
50066	832	640	50066	0	0
50067	832	640	50067	0	0
50068	1280	896	50029	0	0	50068	0	0
50069	832	640	50069	0	0
50070	832	640	50070	0	0
50071	832	640	50071	0	0
50072	832	640	50072	0	0
50073	1280	640	50073	0	0
50074	1280	640	50074	0	0
50075	1344	960	50075	0	0
50076	1344	960	50076	0	0
50077	1280	640	50077	0	0
50078	1280	640	50078	0	0
50079	1280	640	50079	0	0
50080	1280	640	50080	0	0
50081	640	480	50081	0	0
50082	1344	960	50082	0	0
50083	1600	640	50083	0	0
50084	800	600	50084	0	0
50085	800	600	50085	0	0
50086	800	600	50086	0	0
50087	800	600	50087	0	0
50088	800	600	50088	0	0
50089	800	600	50089	0	0
50090	1600	640	50090	0	0
50091	1600	640	50091	0	0
50092	1600	1152	50092	0	0
50093	1344	960	50093	0	0
50094	1280	832	50094	0	0
50095	832	640	50095	0	0
50096	832	640	50096	0	0
50097	832	640	50097	0	0
50098	1664	1280	50098	0	0
50099	1600	1152	50099	0	0
50100	1664	1280	50100	0	0
50101	1984	1536	50101	0	0
50102	1984	1536	50102	0	0
50103	1984	1536	50103	0	0
50104	1280	960	50104	0	0
50105	1280	960	50105	0	0
50106	1408	1280	50106	0	0
50107	1088	816	50107	0	0
50108	1280	896	50108	0	0
50109	1280	896	50109	0	0
50110	1280	960	50110	0	0
50111	832	640	50111	0	0
50115	1280	640	50115	0	0
50116	832	640	50116	0	0
50117	960	1280	50117	0	0
50118	1280	960	50118	0	0
50119	832	1664	50119	0	0
50120	1280	960	50120	0	0
50121	832	1664	50121	0	0
50122	1600	640	50122	0	0
50123	1600	640	50123	0	0
50124	1280	960	50124	0	0
50125	1408	1088	50125	0	0
50126	1664	960	50126	0	0
50127	832	640	50127	0	0
50128	832	640	50128	0	0
50129	832	640	50129	0	0
50130	1280	704	50130	0	0
50131	1280	896	50131	0	0
50132	1280	704	50132	0	0
50133	1408	1088	50133	0	0
50134	1280	640	50134	0	0
50135	1920	640	50135	0	0
50136	832	640	50136	0	0
50137	832	640	50137	0	0
50138	832	896	50138	0	0
50139	896	640	50139	0	0
50140	1216	896	50140	0	0
50141	1280	640	50141	0	0
50142	832	832	50142	0	0
50143	1280	960	50143	0	0
50144	1280	960	50144	0	0
50145	832	640	50145	0	0
50146	832	640	50146	0	0
50147	832	640	50147	0	0
50148	832	640	50148	0	0
50149	832	640	50149	0	0
50150	832	640	50150	0	0
50151	1280	896	50151	0	0
50152	1280	896	50152	0	0
50153	1280	896	50153	0	0
50154	1280	896	50154	0	0
50155	1280	896	50155	0	0
50156	1280	896	50156	0	0
50157	832	640	50157	0	0
50158	832	640	50158	0	0
50159	1280	640	50159	0	0
50160	832	640	50160	0	0
50161	832	640	50161	0	0
50162	1280	640	50162	0	0
50163	1280	960	50163	0	0
50164	832	640	50164	0	0
50165	832	640	50165	0	0
50166	1280	960	50166	0	0
50167	832	1664	50167	0	0
50168	832	1664	50168	0	0
50169	832	640	50169	0	0
50170	832	1664	50170	0	0
50171	1472	832	50171	0	0
50172	1472	832	50172	0	0
50173	1472	832	50173	0	0
50174	1472	832	50174	0	0
50175	832	640	50175	0	0
50176	832	640	50176	0	0
50177	1280	960	50177	0	0
50178	1280	960	50178	0	0
50179	832	640	50179	0	0
50180	832	640	50180	0	0
50181	832	640	50181	0	0
50182	832	640	50182	0	0
50183	832	640	50183	0	0
50184	832	640	50184	0	0
50185	832	640	50185	0	0
50186	832	640	50186	0	0
50187	1280	832	50187	0	0
50188	1280	896	50188	0	0
50189	1088	832	50189	0	0
50190	832	640	50190	0	0
50191	832	640	50191	0	0
50192	960	768	50192	0	0
50193	960	768	50193	0	0
50194	1344	960	50194	0	0
50195	1600	1152	50195	0	0
50196	1408	960	50196	0	0
50197	1408	960	50197	0	0
50198	1280	896	50198	0	0
50199	1280	960	50199	0	0
50200	1664	1280	50200	0	0
50201	1600	1152	50201	0	0
50202	1280	960	50202	0	0
50203	1600	1152	50203	0	0
50204	896	640	50204	0	0
50205	896	640	50205	0	0
50206	1280	960	50206	0	0
50207	1280	960	50207	0	0
50208	1280	960	50208	0	0
50209	1280	960	50209	0	0
50210	1280	960	50210	0	0
50211	1280	960	50211	0	0
50212	896	640	50212	0	0
50213	896	640	50213	0	0
50214	896	640	50214	0	0
50215	896	640	50215	0	0
50216	896	640	50216	0	0
50217	896	640	50217	0	0
50218	1280	960	50218	0	0
50219	896	640	50219	0	0
50220	896	640	50220	0	0
50221	896	640	50221	0	0
50222	1280	960	50222	0	0
50223	1280	960	50223	0	0
50224	1344	960	50224	0	0
50225	1344	960	50225	0	0
50226	896	640	50226	0	0
50227	896	640	50227	0	0
50228	896	640	50228	0	0
50229	896	640	50229	0	0
50230	1280	960	50230	0	0
50231	1280	960	50231	0	0
50232	832	640	50232	0	0
50233	832	640	50233	0	0
50234	896	640	50234	0	0
50235	896	640	50235	0	0
50236	832	640	50236	0	0
50237	832	640	50237	0	0
50238	832	640	50238	0	0
50239	832	640	50239	0	0
50240	1280	960	50240	0	0
50241	1280	960	50241	0	0
50242	1280	960	50242	0	0
50243	1280	960	50243	0	0
50244	1280	960	50244	0	0
50245	1280	960	50245	0	0
50246	896	640	50246	0	0
50247	896	640	50247	0	0
50248	832	640	50248	0	0
50249	832	640	50249	0	0
50250	1280	832	50250	0	0
50251	1280	960	50251	0	0
50252	832	640	50252	0	0
50253	832	640	50253	0	0
50254	896	640	50254	0	0
50255	1280	960	50255	0	0
50256	1280	640	50256	0	0
50257	1280	960	50257	0	0
50258	896	640	50258	0	0
50259	896	640	50259	0	0
50260	1280	960	50260	0	0
50261	1280	960	50261	0	0
50262	896	640	50262	0	0
50263	1280	960	50263	0	0
50264	896	640	50264	0	0
50265	896	640	50265	0	0
50266	1280	640	50266	0	0
50267	1280	960	50267	0	0
50268	896	640	50268	0	0
50269	832	640	50269	0	0
50270	896	1280	50270	0	0
50271	896	1280	50271	0	0
50272	896	640	50272	0	0
50273	896	640	50273	0	0
50274	1280	960	50274	0	0
50275	1280	960	50275	0	0
50276	1280	960	50276	0	0
50277	896	640	50277	0	0
50278	896	640	50278	0	0
50279	896	640	50279	0	0
50280	896	640	50280	0	0
50281	896	640	50281	0	0
50282	896	640	50282	0	0
50283	896	640	50283	0	0
50284	896	640	50284	0	0
50285	896	640	50285	0	0
50286	896	640	50286	0	0
50287	896	640	50287	0	0
50288	896	640	50288	0	0
50289	896	640	50289	0	0
50290	1280	960	50290	0	0
50291	1280	960	50291	0	0
50292	1280	960	50292	0	0
50293	1280	960	50293	0	0
50294	896	640	50294	0	0
50295	896	640	50295	0	0
50296	1280	960	50296	0	0
50297	1280	960	50297	0	0
50298	832	640	50298	0	0
50299	832	640	50299	0	0
50300	1280	960	50300	0	0
50301	1280	960	50301	0	0
50302	832	640	50302	0	0
51001	832	640	51001	0	0
51005	832	640	51005	0	0
51006	832	640	51006	0	0
51007	1344	960	51007	0	0
51008	1600	1152	51008	0	0
51009	1600	1152	51009	0	0
51010	1600	640	51010	0	0
51011	1408	704	51011	0	0
51012	960	960	51012	0	0
51013	832	640	51013	0	0
51014	1664	1280	51014	0	0
51015	1536	1088	51015	0	0
51016	1664	1280	51016	0	0
51017	1664	1280	51017	0	0
51018	1600	1088	51018	0	0
51019	1664	1216	51019	0	0
51020	1280	960	51020	0	0
51021	1280	896	51021	0	0
51022	1280	896	51022	0	0
51023	1280	896	51023	0	0
51024	1280	832	51024	0	0
51025	832	640	51025	0	0
51026	960	960	51026	0	0
51027	1280	896	51027	0	0
51028	832	640	51028	0	0
51029	2400	1216	51029	0	0
51030	1280	960	51030	0	0
51031	1280	896	51031	0	0
51032	896	640	51032	0	0
51033	896	768	51033	0	0
51034	896	768	51034	0	0
51035	1344	960	51035	0	0
51036	832	1024	51036	0	0
51037	832	1024	51037	0	0
51038	832	1024	51038	0	0
51039	832	1024	51039	0	0
51040	2496	1792	51040	0	0
51041	1280	640	51041	0	0
51042	1600	1600	51042	0	0
51043	1280	960	51043	0	0
51044	1280	960	51044	0	0
51045	1280	960	51045	0	0
51046	1280	960	51046	0	0
51047	896	640	51047	0	0
51048	896	640	51048	0	0
51049	1280	960	51049	0	0
51050	1280	960	51050	0	0
51051	1280	960	51051	0	0
51052	1280	960	51052	0	0
51053	1280	960	51053	0	0
51054	1280	960	51054	0	0
51055	1280	960	51055	0	0
51056	1664	1280	51056	0	0
51057	896	640	51057	0	0
51058	1280	960	51058	0	0
51059	1280	960	51059	0	0
51060	1280	960	51060	0	0
51061	1280	960	51061	0	0
51062	1280	960	51062	0	0
51063	1280	960	51063	0	0
51064	1280	960	51064	0	0
51065	1280	960	51065	0	0
51066	1280	960	51066	0	0
51067	1280	960	51067	0	0
51068	896	640	51068	0	0
51069	896	640	51069	0	0
51070	1280	960	51070	0	0
51072	1280	960	51072	0	0
51073	960	640	51073	0	0
51074	960	640	51074	0	0
51075	2048	1280	51075	0	0
51076	2048	1280	51076	0	0
51077	960	640	51077	0	0
51078	960	640	51078	0	0
51079	1600	1280	51079	0	0
51080	896	640	51080	0	0
51081	1280	960	51081	0	0
51082	1600	1280	51082	0	0
51083	896	640	51083	0	0
51091	1280	960	51091	0	0
51092	1280	960	51092	0	0
51093	1280	960	51093	0	0
51094	896	640	51094	0	0
51095	896	640	51095	0	0
51096	896	640	51096	0	0
51097	896	640	51097	0	0
51098	896	640	51098	0	0
51099	1280	960	51099	0	0
51100	1280	960	51100	0	0
51101	896	640	51101	0	0
51102	1600	640	51102	0	0
51103	1600	640	51103	0	0
51104	1280	960	51104	0	0
51105	1280	960	51105	0	0
51106	1280	960	51106	0	0
51107	1280	960	51107	0	0
51108	1280	960	51108	0	0
51109	1600	640	51109	0	0
51110	1280	960	51110	0	0
51111	1664	1280	10611	0	0	10617	832	0	10613	0	640	10615	832	640
51112	1600	1344	51112	0	0
51114	1280	960	51114	0	0
51115	1280	960	51115	0	0
51116	1280	960	51116	0	0
51117	1280	960	51117	0	0
51118	1280	960	51118	0	0
51119	1280	960	51119	0	0
51120	1280	960	51120	0	0
51121	1280	960	51121	0	0
51122	1280	960	51122	0	0
51123	1280	960	51123	0	0
51124	1280	960	51124	0	0
51125	1280	960	51125	0	0
51126	1280	960	51126	0	0
51127	1280	960	51127	0	0
51128	1280	960	51128	0	0
51129	1280	960	51129	0	0
54501	3328	1920	10000	0	0	10751	828	0	10737	832	640	10741	0	640	10750	0	1280	10736	1664	640	10750	1665	1280	10755	2496	640
54502	2499	2560	10748	0	0	10740	832	0	10735	835	640	10749	1667	640	10734	837	1280	10748	5	1280	10752	841	1920
54503	3328	1920	10000	0	0	10751	828	0	10737	832	640	10754	0	640	10736	1664	640	10750	1668	1280	10751	2493	0	10739	2496	640
54504	2515	2560	10000	0	0	10753	840	0	10735	843	640	10749	1675	640	10734	847	1280	10748	15	1280	10738	851	1920	10749	1683	1920
54505	768	576	10025	0	0
54511	1664	1280	10772	0	0	10774	832	0	10777	0	640
54512	2496	1280	10775	0	0	10768	832	0	10774	1664	0	10777	832	640
54513	2496	1280	10775	0	0	10768	832	0	10774	1664	0	10777	832	640
54514	2496	1280	10775	0	0	10768	832	0	10774	1664	0	10777	832	640
54515	1664	1280	10775	0	0	10771	832	0	10777	832	640
54516	1664	1920	10776	0	0	10767	0	640	10777	0	1280	10774	832	641
54517	1664	1943	10000	0	0	10775	0	662	10766	832	663	10776	832	23	10777	832	1303
54518	1664	1920	10776	0	0	10767	0	640	10777	0	1280	10774	832	641
54519	1664	1943	10000	0	0	10775	0	662	10766	832	663	10776	832	23	10777	832	1303
54520	1664	1920	10776	0	0	10767	0	640	10777	0	1280	10774	832	641
54521	1664	1943	10000	0	0	10775	0	662	10766	832	663	10776	832	23	10777	832	1303
54522	1664	1281	10776	0	0	10773	0	640	10774	832	641
54523	2504	1281	10000	0	0	10776	840	0	10769	840	640	10775	8	640	10774	1672	641
54524	2504	1281	10000	0	0	10776	840	0	10769	840	640	10775	8	640	10774	1672	641
54525	2504	1281	10000	0	0	10776	840	0	10769	840	640	10775	8	640	10774	1672	641
54526	1672	1280	10000	0	0	10776	840	0	10770	840	640	10775	8	640
54527	1664	1280	10716	0	0	10725	832	0	10722	0	640	10726	832	640
54528	2496	1280	10724	0	0	10706	832	0	10725	1664	0	10722	832	640	10726	0	640	10726	1664	640
54529	1664	1280	10724	0	0	10715	832	0	10726	0	640	10722	832	640
54530	1664	1920	10723	0	0	10705	0	640	10722	0	1280	10726	832	0	10725	832	640	10726	832	1280
54531	2496	1920	10726	0	0	10723	832	0	10726	1664	0	10724	0	640	10703	832	640	10725	1664	640	10726	0	1280	10722	832	1280	10726	1664	1280
54532	1664	1920	10726	0	0	10724	0	640	10726	0	1280	10723	832	0	10704	832	640	10722	832	1280
54533	1664	1280	10723	0	0	10726	832	0	10713	0	640	10725	832	640
54534	2496	1280	10726	0	0	10723	832	0	10726	1664	0	10724	0	640	10707	832	640	10725	1664	640
54535	1664	1280	10726	0	0	10723	832	0	10724	0	640	10714	832	640
54536	1344	960	50023	0	0
54541	832	640	10187	0	0
54542	832	640	10188	0	0
54543	832	640	10189	0	0
54544	832	640	10181	0	0
54545	832	640	10182	0	0
54546	832	640	10183	0	0
54547	832	640	10184	0	0
54548	832	640	10185	0	0
54549	832	640	10186	0	0
54551	832	640	10193	0	0
54552	832	640	10194	0	0
54553	832	640	10192	0	0
54554	832	640	10197	0	0
54556	832	640	10198	0	0
54557	832	640	10191	0	0
54558	832	640	10195	0	0
54559	832	640	10190	0	0
54561	1664	1280	10169	0	0	10179	832	0	10176	0	640	10000	832	640
54562	1664	1280	10169	0	0	10179	832	0	10176	0	640	10000	832	640
54563	1664	1280	10169	0	0	10179	832	0	10176	0	640	10000	832	640
54564	1664	1280	10169	0	0	10179	832	0	10176	0	640	10000	832	640
54565	1664	1280	10169	0	0	10179	832	0	10176	0	640	10000	832	640
54566	1664	1920	10000	0	0	10169	0	640	10154	832	640	10178	832	0	10176	0	1280	10176	832	1280
54567	1664	1920	10000	0	0	10169	0	640	10154	832	640	10178	832	0	10176	0	1280	10176	832	1280
54568	1664	1920	10000	0	0	10169	0	640	10154	832	640	10178	832	0	10176	0	1280	10176	832	1280
54569	1664	1920	10000	0	0	10169	0	640	10154	832	640	10178	832	0	10176	0	1280	10176	832	1280
54570	1664	1920	10176	0	0	10176	832	1280	10178	0	0	10155	0	640	10168	832	640	10176	0	1280
54571	1664	1920	10176	0	0	10176	832	1280	10178	0	0	10155	0	640	10168	832	640	10176	0	1280
54572	1664	1920	10176	0	0	10176	832	1280	10178	0	0	10155	0	640	10168	832	640	10176	0	1280
54573	1664	1920	10176	0	0	10176	832	1280	10178	0	0	10155	0	640	10168	832	640	10176	0	1280
54574	2496	1920	10178	0	0	10163	832	0	10178	1664	0	10151	0	640	10176	832	640	10151	1664	640	10158	0	1280	10171	832	1280	10159	1664	1280
54575	2496	1920	10178	0	0	10163	832	0	10178	1664	0	10151	0	640	10176	832	640	10151	1664	640	10158	0	1280	10171	832	1280	10159	1664	1280
54576	2496	1920	10178	0	0	10163	832	0	10178	1664	0	10151	0	640	10176	832	640	10151	1664	640	10158	0	1280	10171	832	1280	10159	1664	1280
54577	2496	1920	10178	0	0	10163	832	0	10178	1664	0	10151	0	640	10176	832	640	10151	1664	640	10158	0	1280	10171	832	1280	10159	1664	1280
54578	832	1280	10178	0	0	10176	0	640
54579	832	1280	10178	0	0	10176	0	640
54580	2496	1280	10178	0	0	10166	0	640	10152	832	640	10159	1664	640	10163	1664	0
54801	2496	1920	10641	0	0	10642	832	0	10643	1664	0	10648	0	640	10647	0	1280	10621	832	640	10646	832	1280	10644	1664	640	10645	1664	1280
54811	3328	3200	10620	0	0	10620	832	0	10620	1664	0	10620	2496	0	10620	0	640	10620	832	640	10620	1664	640	10620	2496	640	10620	0	1280	10620	832	1280	10620	1664	1280	10620	2496	1280	10620	0	1920	10620	832	1920	10620	1664	1920	10620	2496	1920	10620	0	2560	10620	832	2560	10620	1664	2560	10620	2496	2560
54812	3328	3200	10620	0	0	10620	832	0	10620	1664	0	10620	2496	0	10620	0	640	10620	832	640	10620	1664	640	10620	2496	640	10620	0	1280	10620	832	1280	10620	1664	1280	10620	2496	1280	10620	0	1920	10620	832	1920	10620	1664	1920	10620	2496	1920	10620	0	2560	10620	832	2560	10620	1664	2560	10620	2496	2560
54821	2496	1920	51090	0	0	51090	0	640	51090	832	0	51090	832	640	51090	1664	0	51090	1664	640	51090	0	1280	51090	832	1280	51090	1664	1280
54822	2496	1920	51090	0	0	51090	0	640	51090	832	0	51090	832	640	51090	1664	0	51090	1664	640	51090	0	1280	51090	832	1280	51090	1664	1280
54823	2496	1920	51090	0	0	51090	0	640	51090	832	0	51090	832	640	51090	1664	0	51090	1664	640	51090	0	1280	51090	832	1280	51090	1664	1280
54824	896	640	50139	0	0
54825	1280	960	51089	0	0
54826	1664	1280	10611	0	0	10617	832	0	10613	0	640	10615	832	640
54827	1600	1344	51112	0	0
54828	1600	1344	51112	0	0
54829	2496	1920	10611	0	0	10618	832	0	10617	1664	0	10612	0	640	10619	832	640	10616	1664	640	10613	0	1280	10614	832	1280	10615	1664	1280
54830	1664	1280	10611	0	0	10617	832	0	10613	0	640	10615	832	640
54831	832	640	50302	0	0
54901	2240	1600	10958	0	0
54902	2240	1600	10958	0	0
54903	2240	1408	10959	0	0
54904	2240	1408	10959	0	0
54911	2240	1600	10958	0	0
54912	2240	1600	10958	0	0
54913	2240	1600	10958	0	0
54921	2240	1600	10958	0	0
55000	2496	1920	55000	0	0
55001	1408	704	51011	0	0
55002	832	640	50047	0	0
55003	832	640	50002	0	0
56000	2816	3456	56000	0	0
56001	1280	960	50063	0	0
56101	832	640	50070	0	0
56102	832	640	50070	0	0
56103	832	640	50069	0	0
56104	832	640	50069	0	0
56501	2497	1942	10000	0	0	10327	0	662	10304	832	662	10323	832	1302	10311	833	22	10329	1665	22
56502	768	576	10021	0	0
56503	2496	1942	10000	0	0	10327	0	662	10303	832	662	10328	833	22	10316	831	1302	10329	1663	1302	10314	1664	662
56504	768	576	10006	0	0
56505	2496	1920	10327	0	0	10310	832	0	10305	832	640	10314	1664	639	10326	832	1280
56506	768	576	10023	0	0
56507	1664	642	10315	0	0	10329	832	2
56508	832	1280	10313	0	0	10326	0	640
56509	768	576	10021	0	0
56510	2507	1920	10000	0	0	10328	842	0	10303	842	640	10309	1674	640	10328	1675	0	10315	10	640	10307	842	1280	10314	1674	1280	10327	10	1280
56511	384	576	10004	0	0
56512	2506	2560	10000	0	0	10328	842	0	10304	842	640	10327	10	640	10307	842	1280	10315	10	1280	10304	1674	1280	10313	1674	640	10326	1674	1920
56513	576	512	10012	0	0
56514	768	576	10019	0	0
56515	1664	642	10327	0	0	10314	832	2
56516	768	576	10027	0	0
56517	832	1280	10313	0	0	10326	0	640
56521	3328	2560	10328	0	0	10305	0	640	10320	0	1280	10323	0	1920	10307	832	640	10306	1664	640	10301	832	0	10329	2496	640	10316	1664	1280	10302	2496	1279
56522	576	512	10016	0	0
56523	576	384	10009	0	0
56524	3328	2601	10000	0	0	10000	0	662	10327	0	1321	10306	832	1321	10301	832	1961	10307	1664	1321	10329	2496	1321	10305	1664	681	10302	2496	681	10301	1664	41
56525	576	448	10011	0	0
56526	768	384	10001	0	0
56527	2496	1281	10315	0	0	10306	832	1	10314	1664	0	10301	832	641
56528	2506	1920	10000	0	0	10328	842	0	10305	842	640	10317	842	1280	10302	10	1280	10314	1674	640
56529	768	576	10008	0	0
56530	4160	1961	10000	0	0	10000	0	662	10302	0	1321	10321	832	1321	10307	1664	1321	10307	2496	1321	10302	3328	1321	10301	1664	681	10328	2496	681
56531	576	512	10015	0	0
56532	1664	1941	10000	0	0	10302	0	661	10304	832	661	10312	832	1301	10313	832	21
56533	1664	1280	10319	0	0	10314	832	0	10301	0	640
56541	4160	3241	10000	0	0	10000	0	661	10324	0	1321	10304	832	1321	10319	832	681	10307	1664	681	10328	1664	41	10318	2496	681	10305	2496	1321	10329	3328	1321	10317	2496	1961	10316	832	1961	10306	1664	1961	10326	1664	2601
56542	768	576	10019	0	0
56543	768	576	10026	0	0
56544	768	576	10018	0	0
56545	3328	1942	10000	0	0	10303	832	662	10313	832	22	10312	832	1302	10303	1664	662	10312	1664	1302	10313	1664	22	10327	0	662	10314	2496	662
56546	4160	3241	10000	0	0	10000	0	661	10327	0	1321	10303	832	1321	10314	1664	1321	10311	832	681	10307	1664	681	10313	1664	41	10307	2496	681	10313	2496	41	10310	3328	681	10304	3328	1321	10315	2496	1321	10308	832	1961	10306	1664	1961	10306	2496	1961	10309	3328	1961	10312	1664	2601	10312	2496	2601
56547	3328	1942	10000	0	0	10303	832	662	10313	832	22	10312	832	1302	10303	1664	662	10312	1664	1302	10313	1664	22	10327	0	662	10314	2496	662
56801	3328	1281	10622	0	0	10628	0	640	10623	832	0	10623	1664	1	10624	2496	0	10627	832	640	10627	1664	641	10626	2496	640
56802	2496	2560	10622	0	0	10623	832	0	10624	1664	0	10629	0	640	10621	832	640	10625	1664	640	10629	0	1280	10621	832	1280	10625	1664	1280	10628	0	1920	10627	832	1920	10626	1664	1920
56803	2496	2560	10622	0	0	10623	832	0	10624	1664	0	10629	0	640	10621	832	640	10625	1664	640	10629	0	1280	10621	832	1280	10625	1664	1280	10628	0	1920	10627	832	1920	10626	1664	1920
56811	1664	1920	10622	0	0	10624	832	0	10629	0	640	10625	832	640	10628	0	1280	10626	832	1280
56812	1664	2560	10622	0	0	10624	832	0	10629	0	640	10629	0	1280	10628	0	1920	10625	832	640	10625	832	1280	10626	832	1920
56821	1664	1920	10611	0	0	10617	832	0	10612	0	640	10616	832	640	10613	0	1280	10615	832	1280
57000	2560	2944	57000	0	0
57001	1280	960	50063	0	0
57101	832	640	50070	0	0
57102	832	640	50070	0	0
57103	832	640	50069	0	0
57104	832	640	50069	0	0
57105	832	640	50070	0	0
57106	832	640	50069	0	0
57401	832	640	51013	0	0
57501	4160	3220	10000	0	0	10363	0	660	10346	832	660	10345	834	1300	10350	1666	1300	10359	836	1940	10326	836	2580	10359	1668	1940	10326	1668	2580	10347	1664	660	10351	1663	20	10360	2495	20	10360	2496	660	10329	3328	660	10329	3327	20
57502	768	576	10007	0	0
57503	768	576	10022	0	0
57504	2496	1962	10000	0	0	10000	0	661	10327	0	1322	10361	832	1322	10349	1664	1322	10358	1663	682	10328	1663	42
57505	576	512	10016	0	0
57506	4160	3242	10000	0	0	10000	0	662	10327	0	1322	10361	832	1322	10343	1664	1322	10360	2496	1322	10329	3328	1322	10358	1662	682	10328	1662	42	10359	1666	1962	10326	1666	2602
57507	576	512	10012	0	0
57508	576	448	10014	0	0
57509	768	576	10026	0	0
57510	2496	1280	10306	0	0	10329	1664	2	10327	0	1	10323	832	640	10306	832	1
57511	1664	1280	10331	0	0
57512	768	576	10026	0	0
57513	768	384	10001	0	0
57514	4157	3862	10000	0	0	10327	0	661	10361	832	661	10344	1664	661	10349	1666	1301	10355	834	1302	10345	837	1942	10359	839	2582	10326	838	3222	10360	1669	1942	10329	2501	1942	10355	1661	21	10360	2493	20	10329	3325	20
57515	576	384	10009	0	0
57516	384	576	10003	0	0
57517	768	576	10017	0	0
57518	2496	1920	10319	0	0	10326	0	640	10320	831	640	10323	831	1280	10306	832	0	10329	1664	0
57521	4164	3200	10350	0	0	10348	1666	640	10346	2498	640	10344	2499	1280	10359	2501	1920	10326	2501	2560	10361	1667	1279	10327	835	1279	10359	3332	1280	10326	3331	1920	10350	3330	640	10357	832	0	10351	0	0	10365	0	640	10350	1664	0
57522	768	576	10019	0	0
57523	832	3200	10328	0	0	10358	0	640	10341	0	1280	10359	0	1920	10312	0	2560
57524	768	576	10017	0	0
57525	1664	642	10315	0	0	10329	832	2
57526	768	576	10022	0	0
57527	832	1280	10328	0	0	10312	0	640
57528	4159	1961	10000	0	0	10000	0	662	10327	0	1321	10361	832	1321	10347	1664	1321	10360	2495	1321	10314	3327	1321	10358	1662	681	10313	1662	41
57531	832	640	10728	0	0
57532	3332	3200	10724	0	0	10706	832	0	10702	1664	0	10710	2496	0	10701	836	640	10704	2500	640	10718	1668	640	10705	836	1280	10719	1668	1280	10717	2500	1280	10713	836	1920	10712	1668	1920	10704	2500	1920	10722	2500	2560	10726	4	640	10726	4	1280	10726	4	1920	10726	1668	2560	10726	836	2560	10726	4	2560
57533	832	640	10727	0	0
57534	2496	2560	10723	0	0	10705	0	640	10720	0	1280	10726	832	0	10715	832	640	10705	832	1280	10726	0	1920	10708	832	1920	10726	1664	0	10726	1664	640	10719	1664	1280	10725	1664	1920
57535	832	640	10728	0	0
57536	4160	1920	10726	0	0	10724	0	640	10726	0	1280	10707	832	640	10721	832	0	10718	832	1280	10721	1664	0	10703	1664	640	10709	1664	1280	10716	2496	0	10714	2496	640	10726	2496	1280	10719	3328	0	10726	3328	640	10726	3328	1280
57541	2505	3201	10000	0	0	10303	841	641	10315	9	641	10314	1673	641	10325	1673	1281	10303	841	1921	10314	1673	1921	10315	9	1921	10312	841	2561	10313	841	1	10303	841	1281	10302	9	1281
57542	3329	1942	10000	0	0	10315	1	662	10303	833	662	10313	834	22	10307	1665	662	10313	1665	22	10302	1	1302	10302	2497	662	10314	1665	1302	10307	833	1302
57543	2505	1920	10000	0	0	10304	841	640	10315	9	640	10307	841	1280	10315	9	1280	10314	1673	1280	10311	841	0	10302	1673	0
57801	4992	1280	10602	0	0	10603	832	0	10603	1664	0	10603	2496	0	10603	3328	0	10604	4160	0	10608	0	640	10607	832	640	10607	1664	640	10607	2496	640	10607	3328	640	10606	4160	640
57811	1664	1920	10602	0	0	10604	832	0	10609	0	640	10608	0	1280	10605	832	640	10606	832	1280
57812	4992	1280	10602	0	0	10603	832	0	10603	1664	0	10603	2496	0	10603	3328	0	10604	4160	0	10608	0	640	10607	832	640	10607	1664	640	10607	2496	640	10607	3328	640	10606	4160	640
57821	1664	1280	10602	0	0	10604	832	0	10608	0	640	10606	832	640
58000	2496	1920	58000	0	0
59000	2816	2208	59000	0	0
59001	832	896	50138	0	0
59011	1280	960	51044	0	0
59101	832	640	50111	0	0
59102	896	640	50221	0	0
59131	832	640	50070	0	0
59301	896	640	50139	0	0
59401	832	832	50142	0	0
59411	1216	896	50140	0	0
59421	2496	1920	10661	0	0	10662	832	0	10663	1664	0	10668	0	640	10669	832	640	10664	1664	640	10667	0	1280	10666	832	1280	10665	1664	1280
59422	1600	1088	10422	0	0
59431	2496	2560	10661	0	0	10662	832	0	10663	1664	0	10668	0	640	10668	0	1280	10667	0	1920	10669	832	640	10669	832	1280	10666	832	1920	10664	1664	640	10664	1664	1280	10665	1664	1920
59432	896	640	51032	0	0
59433	1280	640	10428	0	0
59434	832	640	51025	0	0
59441	1664	1920	10661	0	0	10663	832	0	10668	0	640	10664	832	640	10667	0	1280	10665	832	1280
59451	1600	1216	10417	0	0
59452	832	640	10410	0	0
59453	832	640	50096	0	0
59454	832	640	50116	0	0
59461	896	640	50219	0	0
59471	1088	640	10439	0	0
59472	1088	640	10437	0	0
59473	896	640	50220	0	0
59801	2496	1920	10661	0	0	10662	832	0	10663	1664	0	10668	0	640	10669	832	640	10664	1664	640	10667	0	1280	10666	832	1280	10665	1664	1280
59802	1664	2560	10661	0	0	10663	832	0	10668	0	640	10668	0	1280	10667	0	1920	10664	832	640	10664	832	1280	10665	832	1920
59811	3328	1280	10661	0	0	10662	832	0	10662	1664	0	10663	2496	0	10667	0	640	10666	832	640	10666	1664	640	10665	2496	640
59812	1664	3200	10661	0	0	10663	832	0	10668	0	640	10664	832	640	10668	0	1280	10664	832	1280	10668	0	1920	10664	832	1920	10667	0	2560	10665	832	2560
59821	2496	2560	10661	0	0	10662	832	0	10663	1664	0	10668	0	640	10668	0	1280	10667	0	1920	10669	832	640	10669	832	1280	10666	832	1920	10664	1664	640	10664	1664	1280	10665	1664	1920
59822	1664	1920	10661	0	0	10663	832	0	10668	0	640	10664	832	640	10667	0	1280	10665	832	1280
59831	4160	1280	10661	0	0	10662	832	0	10662	1664	0	10662	2496	0	10663	3328	0	10667	0	640	10666	832	640	10666	1664	640	10666	2496	640	10665	3328	640
59832	1664	1920	10661	0	0	10663	832	0	10668	0	640	10664	832	640	10667	0	1280	10665	832	1280
59841	1280	960	10640	0	0
59842	1664	1280	10661	0	0	10667	0	640	10663	832	0	10665	832	640
60000	2432	2112	60000	0	0
60001	1280	960	51050	0	0
60011	896	640	50205	0	0
60012	1280	960	51071	0	0
60013	1600	640	50043	0	0
60014	1600	640	50044	0	0
60021	1280	960	51050	0	0
60031	1280	960	10453	0	0
60032	896	640	50205	0	0
60041	1408	1088	50125	0	0
60051	1280	780	60001	0	0
60101	896	640	50227	0	0
60102	896	640	50228	0	0
60103	896	640	50226	0	0
60104	896	640	50229	0	0
60105	896	640	50228	0	0
60301	1280	960	50199	0	0
60302	1280	960	51065	0	0
60303	1280	960	50199	0	0
60304	1280	960	51064	0	0
60401	1280	960	51049	0	0
60411	1280	960	51051	0	0
60421	896	640	50204	0	0
60422	896	640	50204	0	0
60431	896	640	51069	0	0
60441	1280	960	51063	0	0
60451	1280	960	51051	0	0
60452	896	640	51068	0	0
60461	1280	960	10452	0	0
60462	1280	960	51067	0	0
60471	1280	960	51066	0	0
60481	1600	1600	51042	0	0
60491	896	640	51085	0	0
60492	1600	640	51087	0	0
60493	896	1280	51088	0	0
60494	1280	960	51086	0	0
60501	1664	1920	10723	0	0	10705	0	640	10709	832	640	10721	832	0	10722	0	1280	10726	832	1280
60502	1664	1920	10726	0	0	10716	0	640	10720	0	1280	10704	832	640	10723	832	0	10722	832	1280
60503	3328	1920	10724	0	0	10715	832	0	10726	0	640	10705	832	640	10724	0	1280	10714	832	1280	10726	1664	0	10706	1664	640	10722	1664	1280	10726	2496	0	10725	2496	640	10726	2496	1280
60504	1664	1280	10724	0	0	10710	832	0	10722	832	640	10726	0	640
60505	2496	1920	10726	0	0	10723	832	0	10726	1664	0	10724	0	640	10703	832	640	10725	1664	640	10726	0	1280	10722	832	1280	10726	1664	1280
60506	2496	1920	10726	0	0	10723	832	0	10726	1664	0	10724	0	640	10703	832	640	10725	1664	640	10726	0	1280	10722	832	1280	10726	1664	1280
60507	2496	1920	10726	0	0	10723	832	0	10726	1664	0	10724	0	640	10703	832	640	10725	1664	640	10726	0	1280	10722	832	1280	10726	1664	1280
60508	1664	1280	10723	0	0	10713	0	640	10726	832	0	10725	832	640
60509	3328	2560	10724	0	0	10710	832	0	10711	0	640	10714	832	640	10705	0	1280	10719	832	1280	10708	0	1920	10702	832	1920	10723	1664	0	10713	1664	640	10726	2496	0	10715	2496	640	10718	1664	1280	10704	2496	1280	10712	1664	1920	10709	2496	1920
60510	2496	1920	10724	0	0	10726	0	640	10724	0	1280	10710	832	0	10705	832	640	10709	832	1280	10726	1664	0	10725	1664	640	10726	1664	1280
60511	2496	1920	10724	0	0	10726	0	640	10724	0	1280	10710	832	0	10705	832	640	10709	832	1280	10726	1664	0	10725	1664	640	10726	1664	1280
60512	1664	640	10718	0	0	10725	832	0
60521	2496	2560	10726	0	0	10705	832	640	10725	1664	640	10703	832	1280	10719	1664	1280	10722	0	1920	10720	832	1920	10726	1664	1920	10717	0	640	10705	0	1280	10721	832	0	10723	0	0	10726	1664	0
60522	832	640	10728	0	0
60523	3328	1280	10726	0	0	10724	0	640	10721	832	0	10707	832	640	10726	2496	0	10726	1664	0	10712	1664	640	10725	2496	640
60524	1664	2560	10723	0	0	10708	0	640	10726	832	0	10715	832	640	10718	0	1280	10704	832	1280	10726	0	1920	10722	832	1920
60525	832	640	10727	0	0
60526	3328	1280	10726	0	0	10718	0	640	10716	832	0	10709	832	640	10706	1664	0	10720	1664	640	10715	2496	0	10722	2496	640
60531	2496	1920	10726	0	0	10724	0	640	10726	0	1280	10711	832	0	10704	832	640	10713	832	1280	10719	1664	0	10726	1664	640	10725	1664	1280
60532	832	640	10728	0	0
60533	2496	1920	10723	0	0	10726	832	0	10723	1664	0	10708	0	640	10706	832	640	10714	1664	640	10718	0	1280	10707	832	1280	10725	1664	1280
60801	3328	1280	10651	0	0	10652	832	0	10652	1664	0	10653	2496	0	10657	0	640	10656	832	640	10656	1664	640	10655	2496	640
60802	1664	1920	10651	0	0	10653	832	0	10658	0	640	10657	0	1280	10654	832	640	10655	832	1280
60803	1664	1920	10651	0	0	10653	832	0	10658	0	640	10657	0	1280	10654	832	640	10655	832	1280
60804	1664	1920	10651	0	0	10653	832	0	10658	0	640	10657	0	1280	10654	832	640	10655	832	1280
60805	1664	1920	10651	0	0	10653	832	0	10658	0	640	10657	0	1280	10654	832	640	10655	832	1280
60806	1664	1920	10651	0	0	10653	832	0	10658	0	640	10657	0	1280	10654	832	640	10655	832	1280
60807	2496	1920	10641	0	0	10642	832	0	10643	1664	0	10648	0	640	10621	832	640	10644	1664	640	10647	0	1280	10646	832	1280	10645	1664	1280
60808	1664	1280	10641	0	0	10643	832	0	10647	0	640	10645	832	640
60809	1664	1920	10641	0	0	10643	832	0	10648	0	640	10644	832	640	10647	0	1280	10645	832	1280
60810	2496	1280	10641	0	0	10642	832	0	10643	1664	0	10647	0	640	10646	832	640	10645	1664	640
60811	1664	1920	10641	0	0	10643	832	0	10648	0	640	10644	832	640	10647	0	1280	10645	832	1280
60821	3328	1280	10041	0	0	10042	832	0	10042	1664	0	10043	2496	0	10047	0	640	10048	832	640	10048	1664	640	10049	2496	640
60822	1664	2560	10041	0	0	10043	832	0	10046	0	640	10046	0	1280	10047	0	1920	10044	832	640	10044	832	1280	10049	832	1920
60823	2496	1920	10041	0	0	10042	832	0	10043	1664	0	10046	0	640	10045	832	640	10044	1664	640	10047	0	1280	10048	832	1280	10049	1664	1280
60831	4160	1280	10641	0	0	10642	832	0	10642	1664	0	10642	2496	0	10643	3328	0	10647	0	640	10646	832	640	10646	1664	640	10646	2496	640	10645	3328	640
60841	1664	1280	10041	0	0	10043	832	0	10047	0	640	10049	832	640
61000	3328	2304	61000	0	0
61001	1280	960	50210	0	0
61002	1280	960	50207	0	0
61011	1280	960	50211	0	0
61012	1280	960	50209	0	0
61021	1280	960	50206	0	0
61031	1280	640	50141	0	0
61041	1280	960	50063	0	0
61051	1280	960	51125	0	0
61101	896	640	50213	0	0
61102	896	640	50212	0	0
61103	832	640	50096	0	0
61104	832	640	50127	0	0
61105	832	640	50190	0	0
61131	896	640	50215	0	0
61132	832	640	50150	0	0
61133	832	640	50149	0	0
61134	896	640	50214	0	0
61135	832	640	50047	0	0
61136	832	640	50129	0	0
61137	832	640	50111	0	0
61138	832	640	50070	0	0
61171	800	600	50088	0	0
61172	896	640	50217	0	0
61173	800	600	50088	0	0
61174	896	640	50216	0	0
61175	832	640	50145	0	0
61176	800	600	50089	0	0
61177	832	640	50069	0	0
61178	832	640	50069	0	0
61301	1600	640	50083	0	0
61401	1600	1216	10417	0	0
61411	1664	1280	51056	0	0
61421	1280	960	51052	0	0
61431	1280	832	51024	0	0
61441	1280	960	51058	0	0
61501	2496	1920	10385	0	0	10376	832	0	10394	1664	0	10379	832	640	10381	0	640	10378	0	1280	10394	832	1280
61511	2508	3200	10754	0	0	10745	832	0	10732	836	640	10737	840	1280	10734	1672	1280	10752	1676	1920	10751	1667	640	10741	8	1280	10747	12	1920	10750	16	2560
61512	832	640	10797	0	0
61513	1683	1919	10000	0	0	10753	842	0	10739	846	640	10741	14	639	10743	19	1279	10749	851	1279
61514	4160	1942	10000	0	0	10748	0	661	10731	832	661	10733	1664	661	10753	1660	21	10744	1668	1301	10742	836	1301	10754	4	1301	10736	2496	662	10755	3328	662	10750	2501	1302
61515	832	640	10792	0	0
61516	3331	1280	10748	0	0	10731	832	0	10740	1664	0	10737	1667	640	10755	2499	640	10748	835	640
61521	2510	1919	10000	0	0	10751	842	0	10737	846	640	10746	14	639	10752	18	1279	10744	1678	640	10753	1674	0
61522	832	640	10796	0	0
61523	2504	1921	10754	0	0	10740	832	0	10735	836	640	10752	841	1280	10745	1668	641	10750	1672	1281
61524	832	640	10794	0	0
61525	2496	640	10754	0	0	10731	832	0	10749	1664	0
61526	2496	1920	10748	0	0	10736	832	0	10755	1664	0	10732	836	640	10752	841	1280
61527	832	640	10791	0	0
61528	832	1920	10751	0	0	10747	0	640	10752	0	1280
61531	2496	1922	10148	0	0	10136	0	640	10123	832	642	10148	832	2	10145	832	1282	10137	1664	641	10148	1664	1
61532	2301	1941	10000	0	0	10147	0	661	10127	636	661	10133	636	21	10130	1468	662	10146	1469	1301
61533	1664	2560	10148	0	0	10125	0	640	10140	0	1280	10146	0	1920	10134	832	640
61534	3328	1280	10131	0	0	10146	0	640	10126	832	0	10132	832	640	10141	1664	0	10149	2496	0
61535	2505	2554	10000	0	0	10133	841	0	10121	841	640	10124	841	1274	10135	9	1274	10128	841	1914	10149	1673	1914
61536	1665	1280	10139	0	0	10132	0	640	10138	832	0	10146	833	640
61537	2496	1280	10147	0	0	10126	832	0	10134	1664	0	10129	832	640	10135	0	640
61541	2496	1301	10000	0	0	10328	831	21	10327	0	660	10325	1664	660	10307	832	661
61542	768	576	10020	0	0
61543	2496	1940	10000	0	0	10303	832	660	10312	834	1300	10313	829	21	10329	1664	661	10327	0	660
61544	768	576	10026	0	0
61545	3328	1942	10000	0	0	10315	0	662	10303	832	662	10313	832	22	10312	832	1302	10303	1664	662	10312	1664	1302	10313	1664	22	10329	2496	662
61546	768	576	10026	0	0
61547	2498	1280	10306	0	0	10307	834	640	10314	1666	639	10315	2	640	10327	0	0	10329	1664	1	10306	832	2
61548	768	576	10019	0	0
61549	1664	2560	10328	0	0	10305	0	640	10305	0	1280	10312	0	1920	10314	832	640	10314	832	1280
61551	832	1920	10393	0	0	10390	0	640	10395	0	1280
61552	2496	1920	10385	0	0	10000	0	640	10000	0	1280	10372	832	0	10389	832	640	10388	1664	0	10387	1664	640	10395	832	1280	10000	1664	1280
61553	832	1920	10393	0	0	10390	0	640	10395	0	1280
61554	2496	1920	10000	0	0	10000	832	0	10383	1664	0	10389	0	640	10395	0	1280	10391	832	640	10387	1664	640	10000	832	1280	10000	1664	1280
61555	2496	640	10392	0	0	10391	832	0	10384	1664	0
61556	2496	1280	10392	0	0	10376	832	0	10394	1664	0	10395	832	640	10000	0	640	10000	1664	640
61557	2496	1280	10383	0	0	10386	0	640	10000	832	0	10372	832	640	10000	1664	0	10394	1664	640
61558	2496	2560	10000	0	0	10000	0	640	10389	0	1280	10386	0	1920	10393	832	0	10386	832	640	10372	832	1280	10372	832	1920	10000	1664	0	10388	1664	640	10387	1664	1280	10384	1664	1920
61559	1664	1920	10393	0	0	10375	0	640	10395	0	1280	10000	832	0	10394	832	640	10000	832	1280
61560	1664	2560	10383	0	0	10386	0	640	10389	0	1280	10395	0	1920	10000	832	0	10388	832	640	10387	832	1280	10000	832	1920
61561	832	1920	10393	0	0	10390	0	640	10395	0	1280
61562	2496	1920	10389	0	0	10390	0	640	10386	0	1280	10391	832	0	10384	1664	0	10000	832	640	10000	1664	640	10391	832	1280	10394	1664	1280
61563	2496	1920	10000	0	0	10392	0	640	10000	0	1280	10393	832	0	10000	1664	0	10373	832	640	10395	832	1280	10394	1664	640	10000	1664	1280
61564	3328	1920	10392	0	0	10000	0	640	10000	0	1280	10388	832	0	10390	832	640	10386	832	1280	10381	1664	0	10390	1664	640	10387	1664	1280	10380	2496	0	10371	2496	640	10382	2496	1280
61565	3328	1920	10388	0	0	10390	832	640	10386	832	1280	10381	1664	0	10390	1664	640	10387	1664	1280	10389	0	0	10390	0	640	10395	0	1280	10384	2496	0	10000	2496	640	10000	2496	1280	10388	832	0
61566	832	2560	10383	0	0	10390	0	640	10390	0	1280	10395	0	1920
61567	3328	1920	10388	0	0	10390	832	640	10386	832	1280	10381	1664	0	10390	1664	640	10387	1664	1280	10000	2496	1280	10385	0	0	10000	0	640	10000	0	1280	10388	832	0	10388	2496	0	10395	2496	640
61801	1600	1152	51008	0	0
61802	1280	960	10448	0	0
61803	2496	1920	10681	0	0	10682	832	0	10683	1664	0	10684	0	640	10685	832	640	10686	1664	640	10687	0	1280	10688	832	1280	10689	1664	1280
61811	4160	1280	10681	0	0	10687	0	640	10682	832	0	10688	832	640	10682	1664	0	10688	1664	640	10682	2496	0	10688	2496	640	10683	3328	0	10689	3328	640
61812	1664	1920	10681	0	0	10683	832	0	10684	0	640	10686	832	640	10687	0	1280	10689	832	1280
61821	1088	640	10438	0	0
61822	1664	1920	10641	0	0	10643	832	0	10648	0	640	10647	0	1280	10644	832	640	10645	832	1280
61831	3328	1280	10631	0	0	10632	832	0	10632	1664	0	10633	2496	0	10637	0	640	10636	832	640	10636	1664	640	10635	2496	640
61832	2496	1920	10631	0	0	10632	832	0	10633	1664	0	10638	0	640	10639	832	640	10634	1664	640	10637	0	1280	10636	832	1280	10635	1664	1280
61841	3328	1280	10681	0	0	10682	832	0	10682	1664	0	10683	2496	0	10687	0	640	10688	832	640	10688	1664	640	10689	2496	640
61842	2496	1920	10681	0	0	10682	832	0	10683	1664	0	10684	0	640	10685	832	640	10686	1664	640	10687	0	1280	10688	832	1280	10689	1664	1280
61851	1088	640	10439	0	0
61852	2496	1920	10641	0	0	10642	832	0	10643	1664	0	10648	0	640	10647	0	1280	10621	832	640	10646	832	1280	10644	1664	640	10645	1664	1280
61861	1664	1920	10641	0	0	10643	832	0	10648	0	640	10647	0	1280	10644	832	640	10645	832	1280
61871	1664	1280	10641	0	0	10643	832	0	10647	0	640	10645	832	640
61872	1800	945	61872	0	0
61873	2368	1792	61873	0	0
61901	832	640	10121	0	0
61902	832	640	10121	0	0
61903	832	640	10121	0	0
61904	832	640	10130	0	0
61905	832	640	10122	0	0
61906	832	640	10122	0	0
61907	832	640	10122	0	0
61908	832	640	10128	0	0
62000	2816	2221	62000	0	0
62001	1280	960	62001	0	0
62002	896	640	62002	0	0
62003	2496	1920	62003	0	0
62004	832	640	62004	0	0
62005	2496	1920	62005	0	0
62006	832	640	62006	0	0
62007	1734	1238	62007	0	0
70000	1664	1280	10671	0	0	10673	832	0	10677	0	640	10675	832	640